"Station";"Name";"Höhe m";"Datum";"Zeit";"T °C";"TP °C";"RF %";"WR °";"WG km/h";"WSR °";"WSG km/h";"N l/m²";"LDred hPa";"LDstat hPa";"SO %"
11010;"Linz/Hörsching";298;"20-05-2024";"00:00";16,3;13,7;85;260;20,5;;25,9;;1011,7;975,3;0
11012;"Kremsmünster";383;"20-05-2024";"00:00";16;11,9;77;241;19,8;239;40,7;0,1;1011,7;966,6;0
11022;"Retz";320;"20-05-2024";"00:00";17,4;10,7;65;356;8,6;336;12,6;0;1011,3;974,3;0
11035;"Wien/Hohe Warte";203;"20-05-2024";"00:00";17,2;12,7;75;266;7,2;261;12,2;0;1010,5;986,3;0
11036;"Wien/Schwechat";183;"20-05-2024";"00:00";16,9;13;78;210;3,6;;14,8;0;1011,1;989,7;0
11101;"Bregenz";424;"20-05-2024";"00:00";15,1;9;67;134;11,9;139;21,6;0;1011,1;960,5;0
11121;"Innsbruck";579;"20-05-2024";"00:00";13,4;12;91;337;1,8;225;6,1;0;1012,9;945,4;0
11126;"Patscherkofel";2247;"20-05-2024";"00:00";4,2;3,3;94;175;15,1;180;18;0;;773,3;0
11130;"Kufstein";495;"20-05-2024";"00:00";13,4;12,4;93;33;3,2;74;12,2;0,5;1013,3;956,2;0
11150;"Salzburg";430;"20-05-2024";"00:00";14,1;12,3;89;140;14,8;;20,5;3,2;1012;960,4;0
11155;"Feuerkogel";1618;"20-05-2024";"00:00";7,8;3,5;74;58;7,6;307;37,1;3,8;;834,9;0
11157;"Aigen im Ennstal";640;"20-05-2024";"00:00";13,5;10,9;85;191;5;145;9;0;1012,3;937,5;0
11171;"Mariazell";866;"20-05-2024";"00:00";11;10,3;96;146;5,8;127;13,3;0;1012,4;913,8;0
11190;"Eisenstadt";184;"20-05-2024";"00:00";15,5;12,8;85;326;7,2;350;17,6;0;1010,6;989,2;0
11204;"Lienz";659;"20-05-2024";"00:00";11,6;10,6;94;292;4,7;257;20,9;0;1014,2;937;0
11240;"Graz/Flughafen";340;"20-05-2024";"00:00";15,9;12,2;79;360;16,6;;22,3;0;1011;968,9;0
11244;"Bad Gleichenberg";280;"20-05-2024";"00:00";16,9;12,1;73;41;3,6;74;13,7;0;1010,7;979,2;0
11265;"Villacher Alpe";2140;"20-05-2024";"00:00";4,3;4;98;248;39,2;249;45;0;;782,3;0
11331;"Klagenfurt/Flughafen";447;"20-05-2024";"00:00";16,5;8,8;60;321;5,4;321;8,3;0;1010,9;958,9;0
11343;"Sonnblick";3105;"20-05-2024";"00:00";-1,6;-2,4;96;275;14;271;32;;;695,1;0
11389;"St. Pölten";270;"20-05-2024";"00:00";16;11,2;73;332;1,4;31;9;0;1010,7;979,3;0
11010;"Linz/Hörsching";298;"20-05-2024";"01:00";14,7;13,3;91;170;5,4;;25,9;;1011,7;975,1;0
11012;"Kremsmünster";383;"20-05-2024";"01:00";14,3;12,3;88;199;20,2;197;33,8;1,7;1011,6;966,2;0
11022;"Retz";320;"20-05-2024";"01:00";15,7;11,4;75;340;15,1;329;22,3;0;1011,5;974,2;0
11035;"Wien/Hohe Warte";203;"20-05-2024";"01:00";17,1;13,2;78;275;2,9;280;9,4;0;1010,6;986,3;0
11036;"Wien/Schwechat";183;"20-05-2024";"01:00";16,1;13,5;85;130;3,6;;7,6;0;1011;989,5;0
11101;"Bregenz";424;"20-05-2024";"01:00";12,7;9,4;80;104;5,4;126;22;0;1011,2;960,2;0
11121;"Innsbruck";579;"20-05-2024";"01:00";13,3;11,9;92;49;1,4;314;4,7;0;1013;945,5;0
11126;"Patscherkofel";2247;"20-05-2024";"01:00";4;3,2;95;171;10,1;180;15,8;0;;773,3;0
11130;"Kufstein";495;"20-05-2024";"01:00";13;11,8;93;313;1,1;64;13,7;0,2;1013,1;955,9;0
11150;"Salzburg";430;"20-05-2024";"01:00";13,9;11,3;84;130;13;;25,9;0;1012,6;960,9;0
11155;"Feuerkogel";1618;"20-05-2024";"01:00";7,2;4,1;81;319;7,9;310;12,2;0;;835,1;0
11157;"Aigen im Ennstal";640;"20-05-2024";"01:00";13,1;11,2;88;113;1,4;222;8,3;0;1012,6;937,7;0
11171;"Mariazell";866;"20-05-2024";"01:00";11,4;9,3;87;168;9;130;18,4;0;1012,6;914,1;0
11190;"Eisenstadt";184;"20-05-2024";"01:00";15,3;12,9;86;335;5,8;353;15,8;0;1010,6;989,2;0
11204;"Lienz";659;"20-05-2024";"01:00";11,1;10,4;96;247;1,1;314;17,3;0;1014,2;936,9;0
11240;"Graz/Flughafen";340;"20-05-2024";"01:00";14,4;12;85;10;7,6;;22,3;0;1011,3;969;0
11244;"Bad Gleichenberg";280;"20-05-2024";"01:00";16;12,3;78;103;2,2;345;12,2;0;1010,9;979,3;0
11265;"Villacher Alpe";2140;"20-05-2024";"01:00";4,4;4,1;98;240;36,4;244;43,9;0;;782,1;0
11331;"Klagenfurt/Flughafen";447;"20-05-2024";"01:00";15,8;8,4;62;357;2,2;291;11,9;0;1011,1;959;0
11343;"Sonnblick";3105;"20-05-2024";"01:00";-1,8;-2,9;94;260;20,5;271;29,5;;;694,9;0
11389;"St. Pölten";270;"20-05-2024";"01:00";16,2;10,7;70;235;9,7;246;19,1;0;1011,4;980;0
11010;"Linz/Hörsching";298;"20-05-2024";"02:00";14,6;13,3;92;300;7,6;;11,2;;1012,1;975,5;0
11012;"Kremsmünster";383;"20-05-2024";"02:00";14;12,1;88;252;16,9;202;34,6;0,3;1012,2;966,7;0
11022;"Retz";320;"20-05-2024";"02:00";16,6;10,4;67;28;12,6;29;22;0;1011,2;974,1;0
11035;"Wien/Hohe Warte";203;"20-05-2024";"02:00";16,8;12,9;78;347;2,9;21;13;0;1010,8;986,5;0
11036;"Wien/Schwechat";183;"20-05-2024";"02:00";15,9;13,6;86;190;3,6;;7,6;0;1011;989,5;0
11101;"Bregenz";424;"20-05-2024";"02:00";11,8;8,8;82;22;2,2;116;10,4;0;1011,5;960,3;0
11121;"Innsbruck";579;"20-05-2024";"02:00";13,2;11,8;92;73;5;67;10,4;0;1012,9;945,4;0
11126;"Patscherkofel";2247;"20-05-2024";"02:00";3,8;3,2;97;188;11,5;168;18,4;0;;773,1;0
11130;"Kufstein";495;"20-05-2024";"02:00";12,9;11,8;93;269;4,3;272;12,2;0,1;1012,6;955,4;0
11150;"Salzburg";430;"20-05-2024";"02:00";13,3;11,9;92;120;13;;22,3;0;1012,4;960,6;0
11155;"Feuerkogel";1618;"20-05-2024";"02:00";6,8;4,3;84;283;11,9;294;24,1;0,4;;834,8;0
11157;"Aigen im Ennstal";640;"20-05-2024";"02:00";13,3;10,8;86;152;7,6;148;9;0;1012,7;937,8;0
11171;"Mariazell";866;"20-05-2024";"02:00";10,8;9,3;90;52;2,2;144;13;0;1012,8;914,1;0
11190;"Eisenstadt";184;"20-05-2024";"02:00";15,6;13;85;328;7,2;356;15,1;0;1010,7;989,3;0
11204;"Lienz";659;"20-05-2024";"02:00";10,5;9,4;93;188;4,7;208;7,6;0;1014,2;936,7;0
11240;"Graz/Flughafen";340;"20-05-2024";"02:00";14,4;12,4;88;220;3,6;;9,4;0;1011,3;969;0
11244;"Bad Gleichenberg";280;"20-05-2024";"02:00";14,6;12,3;85;197;2,2;207;5;0;1011,1;979,3;0
11265;"Villacher Alpe";2140;"20-05-2024";"02:00";4,6;3,3;91;253;32;245;42,5;0;;782;0
11331;"Klagenfurt/Flughafen";447;"20-05-2024";"02:00";14,1;8,1;68;234;3,2;265;9,7;0;1011,6;959,1;0
11343;"Sonnblick";3105;"20-05-2024";"02:00";-1,8;-3;94;276;24,8;267;30,2;;;694,7;0
11389;"St. Pölten";270;"20-05-2024";"02:00";14,9;13,5;92;175;4,3;237;25,6;1,9;1011,3;979,8;0
11010;"Linz/Hörsching";298;"20-05-2024";"03:00";14,6;12,9;90;300;7,6;;11,2;0;1012,4;975,8;0
11012;"Kremsmünster";383;"20-05-2024";"03:00";13,7;11,9;89;230;18,4;249;27,7;0;1012,2;966,7;0
11022;"Retz";320;"20-05-2024";"03:00";14,1;11,5;85;86;8,3;26;21,2;0;1012,3;974,8;0
11035;"Wien/Hohe Warte";203;"20-05-2024";"03:00";16,2;14,1;88;10;6,1;346;15,5;0,4;1011,4;987,1;0
11036;"Wien/Schwechat";183;"20-05-2024";"03:00";16,2;13,4;83;300;9,4;;13;0;1011,7;990,2;0
11101;"Bregenz";424;"20-05-2024";"03:00";10,9;8,6;85;120;5;154;9;0;1011,4;960,1;0
11121;"Innsbruck";579;"20-05-2024";"03:00";12,7;11,4;92;133;6,1;82;11,9;0;1013;945,4;0
11126;"Patscherkofel";2247;"20-05-2024";"03:00";3,5;3,3;100;176;16,9;168;21,2;0;;772,9;0
11130;"Kufstein";495;"20-05-2024";"03:00";12,5;11,2;91;269;1,8;253;12,6;0;1012,7;955,4;0
11150;"Salzburg";430;"20-05-2024";"03:00";12,9;11,3;90;150;14,8;;22,3;0;1012;960,1;0
11155;"Feuerkogel";1618;"20-05-2024";"03:00";7,1;3,5;78;290;4,3;261;22,7;0,2;;834,7;0
11157;"Aigen im Ennstal";640;"20-05-2024";"03:00";12,7;11,2;91;278;2,5;246;10,8;0,5;1012,8;937,8;0
11171;"Mariazell";866;"20-05-2024";"03:00";10,4;9,7;96;150;4;303;10,8;1,5;1013,2;914,3;0
11190;"Eisenstadt";184;"20-05-2024";"03:00";15,9;13;83;332;6,5;319;11,9;0;1010,6;989,3;0
11204;"Lienz";659;"20-05-2024";"03:00";9,8;9,2;96;80;1,1;248;8,6;0;1014,1;936,4;0
11240;"Graz/Flughafen";340;"20-05-2024";"03:00";13,2;12,1;93;0;1,8;;3,6;0;1011,5;969;0
11244;"Bad Gleichenberg";280;"20-05-2024";"03:00";14;12,1;87;131;1,4;176;6,1;0;1011;979,2;0
11265;"Villacher Alpe";2140;"20-05-2024";"03:00";4,6;1,9;82;253;39,6;259;43,9;0;;782;0
11331;"Klagenfurt/Flughafen";447;"20-05-2024";"03:00";12,4;8,7;79;324;4;21;7,2;0;1012,3;959,5;0
11343;"Sonnblick";3105;"20-05-2024";"03:00";-1,9;-2,8;95;261;23,4;285;30,6;;;694,5;0
11389;"St. Pölten";270;"20-05-2024";"03:00";14,5;13;91;231;6,5;213;18,4;0,6;1012,4;980,8;0
11010;"Linz/Hörsching";298;"20-05-2024";"04:00";13,6;12,6;94;220;3,6;;13;0,1;1012,2;975,5;0
11012;"Kremsmünster";383;"20-05-2024";"04:00";13,5;11,9;91;215;10,8;262;28,8;0,2;1012,3;966,8;0
11022;"Retz";320;"20-05-2024";"04:00";13,9;11,3;84;29;5,8;79;13,7;0;1012,7;975,2;0
11035;"Wien/Hohe Warte";203;"20-05-2024";"04:00";15,4;13,4;88;350;10,8;30;25,6;0;1012,1;987,7;0
11036;"Wien/Schwechat";183;"20-05-2024";"04:00";15,4;13;85;10;16,6;;25,9;0,2;1012,3;990,8;0
11101;"Bregenz";424;"20-05-2024";"04:00";10,6;8,4;87;156;4,3;42;7,9;0;1011,5;960,1;0
11121;"Innsbruck";579;"20-05-2024";"04:00";12;11;94;248;5,8;109;11,9;0;1013,1;945,3;0
11126;"Patscherkofel";2247;"20-05-2024";"04:00";3,2;3;99;170;18;186;25,6;0;;772,6;0
11130;"Kufstein";495;"20-05-2024";"04:00";12,4;11,3;93;281;2,5;235;13;0;1012,4;955,1;0
11150;"Salzburg";430;"20-05-2024";"04:00";12,3;11,2;93;140;14,8;;27,7;0;1012,1;960,1;0
11155;"Feuerkogel";1618;"20-05-2024";"04:00";6,6;3,5;80;184;6,5;185;9,4;0;;834,5;0
11157;"Aigen im Ennstal";640;"20-05-2024";"04:00";12,2;10,5;90;13;1,4;138;5,8;0,1;1013;937,8;0
11171;"Mariazell";866;"20-05-2024";"04:00";10;9,6;98;128;6,5;136;10,4;0;1013,1;914,1;0
11190;"Eisenstadt";184;"20-05-2024";"04:00";17,3;12,7;74;331;13,7;337;22,3;0;1011;989,7;0
11204;"Lienz";659;"20-05-2024";"04:00";8,6;8,2;97;266;1,4;37;5,8;0;1014,4;936,4;0
11240;"Graz/Flughafen";340;"20-05-2024";"04:00";12,6;12;97;0;0;;3,6;0;1011,5;968,9;0
11244;"Bad Gleichenberg";280;"20-05-2024";"04:00";13;11,7;91;350;2,5;348;5,4;0;1011,2;979,3;0
11265;"Villacher Alpe";2140;"20-05-2024";"04:00";5;1,9;80;251;29,9;253;38,9;0;;781,9;0
11331;"Klagenfurt/Flughafen";447;"20-05-2024";"04:00";11,6;8,6;83;309;4,3;302;6,5;0;1012,6;959,6;0
11343;"Sonnblick";3105;"20-05-2024";"04:00";-2,4;-4,8;86;289;16,2;273;30,2;;;694,6;0
11389;"St. Pölten";270;"20-05-2024";"04:00";14,3;13,3;93;197;5,4;221;16,2;0,9;1012,1;980,5;0
11010;"Linz/Hörsching";298;"20-05-2024";"05:00";13,6;12,7;94;130;5,4;;9,4;0;1012,1;975,4;0
11012;"Kremsmünster";383;"20-05-2024";"05:00";13,2;11,9;92;125;4;223;21,2;0;1012,2;966,6;0
11022;"Retz";320;"20-05-2024";"05:00";13,2;11,9;92;326;6,8;136;17,6;0,8;1012,5;974,9;0
11035;"Wien/Hohe Warte";203;"20-05-2024";"05:00";14,6;13,2;91;211;4,3;11;11,9;0;1012,3;987,8;0
11036;"Wien/Schwechat";183;"20-05-2024";"05:00";14,4;13,1;92;70;13;;25,9;0;1012,2;990,6;0
11101;"Bregenz";424;"20-05-2024";"05:00";10,2;8,4;89;41;3,6;165;8,6;0;1011,2;959,8;0
11121;"Innsbruck";579;"20-05-2024";"05:00";10,7;9,7;93;23;2,2;257;10,8;0;1013,6;945,4;0
11126;"Patscherkofel";2247;"20-05-2024";"05:00";3;2,8;100;171;20,2;170;25,9;0;;772,7;0
11130;"Kufstein";495;"20-05-2024";"05:00";12,2;11,1;93;;4,7;217;10,4;0;1012,4;955,1;0
11150;"Salzburg";430;"20-05-2024";"05:00";12;10,8;92;140;14,8;;24,1;0;1011,9;959,9;0
11155;"Feuerkogel";1618;"20-05-2024";"05:00";7,2;3,3;77;159;12,6;161;15,1;0;;834,4;0
11157;"Aigen im Ennstal";640;"20-05-2024";"05:00";10,7;10;96;294;1,8;198;4,7;0;1013,4;937,8;0
11171;"Mariazell";866;"20-05-2024";"05:00";9,7;9,5;99;129;5;132;10,8;0,1;1013,4;914,2;0
11190;"Eisenstadt";184;"20-05-2024";"05:00";16,1;13,2;83;342;13,7;333;37,4;0;1011,2;989,9;0
11204;"Lienz";659;"20-05-2024";"05:00";8,1;7,8;98;350;1,8;359;5,8;0;1014,8;936,6;0
11240;"Graz/Flughafen";340;"20-05-2024";"05:00";11,6;10,8;95;100;3,6;;7,6;0;1011,6;968,9;0
11244;"Bad Gleichenberg";280;"20-05-2024";"05:00";12,3;11,3;93;266;0,7;83;4,3;0;1011,5;979,5;0
11265;"Villacher Alpe";2140;"20-05-2024";"05:00";5,1;2,4;83;261;23,4;267;37,1;0;;781,9;0
11331;"Klagenfurt/Flughafen";447;"20-05-2024";"05:00";10,9;8,4;85;324;3,2;294;8,3;0;1012,9;959,8;0
11343;"Sonnblick";3105;"20-05-2024";"05:00";-2,1;-6,2;78;281;18;286;22,7;;;694,5;0
11389;"St. Pölten";270;"20-05-2024";"05:00";13,8;12,9;94;176;7,2;177;14,8;0,2;1011,8;980,2;0
11010;"Linz/Hörsching";298;"20-05-2024";"06:00";13,5;12,6;94;230;5,4;;11,2;0;1012,7;975,9;0
11012;"Kremsmünster";383;"20-05-2024";"06:00";12,9;11,5;91;209;11,2;224;20,5;0;1012,2;966,6;0
11022;"Retz";320;"20-05-2024";"06:00";13,5;12;91;340;7,2;330;15,8;0;1012,5;974,9;0
11035;"Wien/Hohe Warte";203;"20-05-2024";"06:00";14,7;13,3;92;277;4;70;11,2;0;1012,2;987,7;0
11036;"Wien/Schwechat";183;"20-05-2024";"06:00";14,2;12,9;92;340;5,4;;20,5;;1012,4;990,8;0
11101;"Bregenz";424;"20-05-2024";"06:00";10;8,3;90;171;7,9;166;10,8;0;1011,6;960,1;0
11121;"Innsbruck";579;"20-05-2024";"06:00";11;10,2;95;243;3,6;312;7,6;0;1013,7;945,6;0
11126;"Patscherkofel";2247;"20-05-2024";"06:00";3,1;2,7;98;171;28,8;177;31,3;0;;772,6;25
11130;"Kufstein";495;"20-05-2024";"06:00";11,3;10,3;94;257;3,2;233;10,4;0;1012,9;955,4;0
11150;"Salzburg";430;"20-05-2024";"06:00";11,9;10,5;91;160;11,2;;22,3;0;1012,2;960,1;23
11155;"Feuerkogel";1618;"20-05-2024";"06:00";6,8;3,6;81;196;13,7;193;18,7;0;;834,5;36
11157;"Aigen im Ennstal";640;"20-05-2024";"06:00";11;10,2;96;217;3,6;202;6,8;0;1013,6;938,1;2
11171;"Mariazell";866;"20-05-2024";"06:00";9,6;9,5;99;137;4,3;139;10,8;0;1013,7;914,5;0
11190;"Eisenstadt";184;"20-05-2024";"06:00";15,6;13,2;86;197;5,8;344;31,3;0;1011,7;990,3;0
11204;"Lienz";659;"20-05-2024";"06:00";7,9;7,6;98;344;3,2;313;6,8;0;1015;936,7;0
11240;"Graz/Flughafen";340;"20-05-2024";"06:00";12,3;11,9;97;0;1,8;;7,6;0;1012;969,4;0
11244;"Bad Gleichenberg";280;"20-05-2024";"06:00";11,9;11;93;340;2,2;322;3,2;0;1012,1;980;0
11265;"Villacher Alpe";2140;"20-05-2024";"06:00";5,1;2,7;85;261;19,1;269;29,9;0;;782,1;40
11331;"Klagenfurt/Flughafen";447;"20-05-2024";"06:00";10,5;8,2;86;304;4,7;306;9,7;0;1013,3;960,1;0
11343;"Sonnblick";3105;"20-05-2024";"06:00";-1,8;-5,4;81;260;18,7;265;24,5;;;694,7;26
11389;"St. Pölten";270;"20-05-2024";"06:00";13,7;12,9;95;218;4,7;189;15,1;0;1012,6;980,9;0
11010;"Linz/Hörsching";298;"20-05-2024";"07:00";14,7;13,1;90;360;3,6;;13;;1012,3;975,7;12
11012;"Kremsmünster";383;"20-05-2024";"07:00";13,3;11,8;91;259;1,8;224;23;0;1012,4;966,8;76
11022;"Retz";320;"20-05-2024";"07:00";14,7;12,8;89;168;1,4;64;10,8;0;1012,8;975,4;29
11035;"Wien/Hohe Warte";203;"20-05-2024";"07:00";14,9;13,4;91;266;5,4;265;14,4;0;1012,2;987,7;0
11036;"Wien/Schwechat";183;"20-05-2024";"07:00";14,9;12,9;87;330;7,6;;9,4;0;1012,6;991;0
11101;"Bregenz";424;"20-05-2024";"07:00";10;8,8;92;33;1,8;156;9,4;0;1011,8;960,3;0
11121;"Innsbruck";579;"20-05-2024";"07:00";11,7;10,4;92;273;5;281;9;0;1013,4;945,5;0
11126;"Patscherkofel";2247;"20-05-2024";"07:00";3,7;2,6;94;167;18,7;171;30,6;0;;772,7;100
11130;"Kufstein";495;"20-05-2024";"07:00";11,8;10,6;93;267;5,8;267;11,2;0;1012,9;955,5;1
11150;"Salzburg";430;"20-05-2024";"07:00";13,6;11;85;160;11,2;;18,4;0;1011,8;960,1;86
11155;"Feuerkogel";1618;"20-05-2024";"07:00";8,5;4,1;74;215;11,2;204;20,2;0;;834,6;100
11157;"Aigen im Ennstal";640;"20-05-2024";"07:00";11,9;10,2;90;216;2,9;229;6,5;0;1013,5;938,2;83
11171;"Mariazell";866;"20-05-2024";"07:00";9,8;9,6;98;165;5,8;174;13;0;1013,5;914,4;0
11190;"Eisenstadt";184;"20-05-2024";"07:00";15,8;13,2;84;317;7,9;302;12,2;0;1012,2;990,8;24
11204;"Lienz";659;"20-05-2024";"07:00";9,7;8,9;98;107;1,1;292;6,8;0;1014,4;936,7;27
11240;"Graz/Flughafen";340;"20-05-2024";"07:00";13,4;12,4;94;0;1,8;;3,6;0;1012,1;969,6;76
11244;"Bad Gleichenberg";280;"20-05-2024";"07:00";15,1;12,4;83;151;1,1;151;4;0;1011,9;980,2;82
11265;"Villacher Alpe";2140;"20-05-2024";"07:00";6,5;3,3;80;272;13;267;21,2;0;;782;100
11331;"Klagenfurt/Flughafen";447;"20-05-2024";"07:00";12,8;8,8;78;119;1,1;305;7,6;0;1013,2;960,4;73
11343;"Sonnblick";3105;"20-05-2024";"07:00";-1,4;-4,5;82;14;4;269;23,4;;;694,7;100
11389;"St. Pölten";270;"20-05-2024";"07:00";14,8;13,5;92;244;2,9;215;6,8;0;1012,4;980,9;78
11010;"Linz/Hörsching";298;"20-05-2024";"08:00";16,2;12,7;80;350;3,6;;7,6;0;1012,2;975,8;100
11012;"Kremsmünster";383;"20-05-2024";"08:00";14,4;12,3;88;340;1,8;305;6,8;0;1012,3;966,9;95
11022;"Retz";320;"20-05-2024";"08:00";15,9;12,4;80;76;4,7;54;12,2;0,1;1013;975,7;96
11035;"Wien/Hohe Warte";203;"20-05-2024";"08:00";17,3;14,4;82;57;7,9;57;13,3;0;1012,4;988,1;61
11036;"Wien/Schwechat";183;"20-05-2024";"08:00";16;13,1;83;350;11,2;;14,8;0;1012,7;991,2;27
11101;"Bregenz";424;"20-05-2024";"08:00";12,6;9,5;82;294;1,4;78;5;0;1011,1;960,1;95
11121;"Innsbruck";579;"20-05-2024";"08:00";13,2;10,7;84;270;1,4;303;7,2;0;1012,9;945,4;32
11126;"Patscherkofel";2247;"20-05-2024";"08:00";4,8;1,9;82;167;22;169;31,7;0;;772,7;100
11130;"Kufstein";495;"20-05-2024";"08:00";12,9;10,9;88;232;6,5;219;14,8;0;1012,6;955,4;17
11150;"Salzburg";430;"20-05-2024";"08:00";15,2;11,6;79;160;13;;20,5;0;1011,8;960,3;99
11155;"Feuerkogel";1618;"20-05-2024";"08:00";11,1;5,3;68;128;2,9;213;11,5;0;;834,7;100
11157;"Aigen im Ennstal";640;"20-05-2024";"08:00";13,2;10,3;83;216;4,3;198;11,2;0;1013;938,1;100
11171;"Mariazell";866;"20-05-2024";"08:00";10,9;9,8;94;137;0,7;138;11,5;0;1013;914,3;6
11190;"Eisenstadt";184;"20-05-2024";"08:00";17,2;13,3;78;360;9,7;358;16,2;0;1012,1;990,8;73
11204;"Lienz";659;"20-05-2024";"08:00";12,3;9,4;83;41;1,4;49;6,5;0;1013,6;936,6;100
11240;"Graz/Flughafen";340;"20-05-2024";"08:00";17,4;12,3;72;360;5,4;;9,4;0;1011,7;969,8;85
11244;"Bad Gleichenberg";280;"20-05-2024";"08:00";18,2;11,8;66;1;3,6;23;13,7;0;1011,9;980,5;100
11265;"Villacher Alpe";2140;"20-05-2024";"08:00";7,4;4,4;81;226;2,9;268;14,4;0;;782,2;90
11331;"Klagenfurt/Flughafen";447;"20-05-2024";"08:00";15,7;9,5;68;279;1,4;318;5,4;0;1012,7;960,5;100
11343;"Sonnblick";3105;"20-05-2024";"08:00";-1,3;-4;85;263;3,2;247;9,7;;;694,9;100
11389;"St. Pölten";270;"20-05-2024";"08:00";15,9;13,3;84;209;4;179;11,9;0;1012,5;981,1;86
11010;"Linz/Hörsching";298;"20-05-2024";"09:00";17,9;13,3;74;50;3,6;;7,6;0;1011,9;975,7;100
11012;"Kremsmünster";383;"20-05-2024";"09:00";16,3;12,9;81;92;10,8;102;19,1;0;1012,1;967;94
11022;"Retz";320;"20-05-2024";"09:00";16,1;12,9;82;123;4,3;105;11,2;0;1012,8;975,6;54
11035;"Wien/Hohe Warte";203;"20-05-2024";"09:00";18,8;14,3;75;1;7,2;27;19,8;0;1012;987,9;83
11036;"Wien/Schwechat";183;"20-05-2024";"09:00";18,4;13,5;73;50;5,4;;14,8;0;1012,4;991,1;94
11101;"Bregenz";424;"20-05-2024";"09:00";15,6;9,2;66;310;4;333;7,6;0;1010,6;960,1;100
11121;"Innsbruck";579;"20-05-2024";"09:00";14,7;10,9;78;291;7,6;298;13,7;0;1012,2;945,1;100
11126;"Patscherkofel";2247;"20-05-2024";"09:00";5,5;2,6;82;162;15,1;165;30,2;0;;773;100
11130;"Kufstein";495;"20-05-2024";"09:00";14,4;11,1;80;253;5,8;222;18,7;0;1011,8;954,9;95
11150;"Salzburg";430;"20-05-2024";"09:00";16,9;12,1;74;130;7,6;;20,5;0;1011,2;960,1;99
11155;"Feuerkogel";1618;"20-05-2024";"09:00";11,6;4,5;62;122;4,7;170;12,2;0;;834,8;100
11157;"Aigen im Ennstal";640;"20-05-2024";"09:00";15,5;10,8;74;101;3,2;226;7,9;0;1012;937,7;100
11171;"Mariazell";866;"20-05-2024";"09:00";14,3;10,5;79;139;2,9;122;7,2;0;1011,8;914,3;100
11190;"Eisenstadt";184;"20-05-2024";"09:00";18,9;12,8;68;45;4,7;359;17,3;0;1012;990,8;96
11204;"Lienz";659;"20-05-2024";"09:00";14,3;9,4;72;116;3,6;102;9;0;1012,9;936,5;100
11240;"Graz/Flughafen";340;"20-05-2024";"09:00";19,4;12,2;63;130;5,4;;11,2;0;1011,5;969,9;99
11244;"Bad Gleichenberg";280;"20-05-2024";"09:00";20;12,3;61;39;4,3;84;14,4;0;1011,7;980,5;100
11265;"Villacher Alpe";2140;"20-05-2024";"09:00";7,5;3,7;77;162;9,7;183;15,5;0;;782,4;97
11331;"Klagenfurt/Flughafen";447;"20-05-2024";"09:00";16,5;9,9;65;151;3,6;171;8,3;0;1012,5;960,4;100
11343;"Sonnblick";3105;"20-05-2024";"09:00";-0,4;-3,2;85;193;4,3;92;10,8;;;695,1;100
11389;"St. Pölten";270;"20-05-2024";"09:00";17,1;13,6;80;180;5,4;171;10,1;0;1012,2;980,9;87
11010;"Linz/Hörsching";298;"20-05-2024";"10:00";19,2;13,1;68;110;7,6;;14,8;0;1011,7;975,7;100
11012;"Kremsmünster";383;"20-05-2024";"10:00";17,7;13;74;90;11,9;97;23,4;0;1011,8;966,9;90
11022;"Retz";320;"20-05-2024";"10:00";17,5;13,3;77;219;4,3;129;10,1;0;1012,6;975,6;100
11035;"Wien/Hohe Warte";203;"20-05-2024";"10:00";19,8;14;69;52;4,3;45;17,3;0;1012,1;988;89
11036;"Wien/Schwechat";183;"20-05-2024";"10:00";19,7;12,7;64;340;3,6;;14,8;0;1012,4;991,2;100
11101;"Bregenz";424;"20-05-2024";"10:00";17,1;9,4;61;296;5,8;280;9,4;0;1010,1;959,9;100
11121;"Innsbruck";579;"20-05-2024";"10:00";16,3;10,6;69;318;4;296;16,2;0;1011,1;944,4;100
11126;"Patscherkofel";2247;"20-05-2024";"10:00";6,5;2,9;78;153;15,1;164;25,9;0;;773,1;100
11130;"Kufstein";495;"20-05-2024";"10:00";16,3;11,5;74;262;5,4;227;16,9;0;1011,1;954,6;100
11150;"Salzburg";430;"20-05-2024";"10:00";18,4;11,3;64;100;3,6;;16,6;0;1010,7;959,8;100
11155;"Feuerkogel";1618;"20-05-2024";"10:00";12,1;7,8;75;38;1,8;96;13,3;0;;834,9;100
11157;"Aigen im Ennstal";640;"20-05-2024";"10:00";17,5;12,2;71;81;1,4;44;9,4;0;1010,8;937,1;100
11171;"Mariazell";866;"20-05-2024";"10:00";16,5;10,2;66;129;4;126;8,3;0;1010,7;914;97
11190;"Eisenstadt";184;"20-05-2024";"10:00";20,4;14;67;110;9;84;19,1;0;1011,9;990,9;94
11204;"Lienz";659;"20-05-2024";"10:00";15,9;9,2;65;23;1,8;102;11,5;0;1012,2;936,2;100
11240;"Graz/Flughafen";340;"20-05-2024";"10:00";20,4;11,9;58;140;9,4;;20,5;0;1011,6;970,1;99
11244;"Bad Gleichenberg";280;"20-05-2024";"10:00";21,1;12,8;58;99;7,9;120;20,2;0;1011,6;980,5;100
11265;"Villacher Alpe";2140;"20-05-2024";"10:00";8,4;2,8;67;212;19,8;216;22,3;0;;782,6;100
11331;"Klagenfurt/Flughafen";447;"20-05-2024";"10:00";18,4;10,2;60;192;3,6;181;8,6;0;1011,9;960,2;100
11343;"Sonnblick";3105;"20-05-2024";"10:00";0,4;-2,2;85;215;13;212;17,3;;;695,3;99
11389;"St. Pölten";270;"20-05-2024";"10:00";19;14,1;73;55;3,6;32;10,4;0;1012;980,9;97
11010;"Linz/Hörsching";298;"20-05-2024";"11:00";19,9;11,8;60;80;11,2;;20,5;0;1011,5;975,6;100
11012;"Kremsmünster";383;"20-05-2024";"11:00";19,5;13,5;68;101;20,2;103;26,3;0;1011,5;966,9;85
11022;"Retz";320;"20-05-2024";"11:00";19,1;12,9;67;140;4,7;179;10,4;0;1012,5;975,7;87
11035;"Wien/Hohe Warte";203;"20-05-2024";"11:00";20,6;13,4;63;62;6,8;60;16,2;0;1012,1;988,1;77
11036;"Wien/Schwechat";183;"20-05-2024";"11:00";20,2;13,3;65;110;5,4;;14,8;0;1012,5;991,3;97
11101;"Bregenz";424;"20-05-2024";"11:00";17;10,1;64;314;5,8;312;11,5;0;1009,7;959,5;100
11121;"Innsbruck";579;"20-05-2024";"11:00";18,3;9,6;57;282;2,5;312;13,7;0;1009,9;943,7;100
11126;"Patscherkofel";2247;"20-05-2024";"11:00";7,3;2,7;74;159;15,8;160;29,5;0;;773,3;100
11130;"Kufstein";495;"20-05-2024";"11:00";18,4;11,2;62;262;2,2;266;13,3;0;1010,2;954,2;100
11150;"Salzburg";430;"20-05-2024";"11:00";20,5;11,1;55;20;7,6;;18,4;0;1010,3;959,8;99
11155;"Feuerkogel";1618;"20-05-2024";"11:00";11,8;6,1;69;103;7,2;45;14,4;0;;835,3;100
11157;"Aigen im Ennstal";640;"20-05-2024";"11:00";19,8;11,6;60;46;13,3;42;19,1;0;1010;936,9;100
11171;"Mariazell";866;"20-05-2024";"11:00";18,1;9,9;59;27;2,5;40;14,8;0;1010,4;914,2;69
11190;"Eisenstadt";184;"20-05-2024";"11:00";20,7;13,5;64;102;6,8;104;22;0;1012,1;991,1;89
11204;"Lienz";659;"20-05-2024";"11:00";18,2;8,7;54;108;4,3;98;9,7;0;1011;935,7;100
11240;"Graz/Flughafen";340;"20-05-2024";"11:00";21;13,5;62;140;11,2;;20,5;0;1011,7;970,3;94
11244;"Bad Gleichenberg";280;"20-05-2024";"11:00";21,9;13,6;59;16;3,2;69;17,6;0;1012;981;90
11265;"Villacher Alpe";2140;"20-05-2024";"11:00";7,9;4,4;78;206;15,1;198;25,2;;;783;83
11331;"Klagenfurt/Flughafen";447;"20-05-2024";"11:00";20;10,4;54;160;3,6;197;11,2;0;1011,3;959,9;100
11343;"Sonnblick";3105;"20-05-2024";"11:00";0,3;-1,7;88;208;15,1;208;23,8;;;695,5;15
11389;"St. Pölten";270;"20-05-2024";"11:00";20,1;13;64;31;6,5;21;15,5;0;1011,9;980,9;95
11010;"Linz/Hörsching";298;"20-05-2024";"12:00";20,9;12;57;100;11,2;;20,5;0;1011,3;975,5;100
11012;"Kremsmünster";383;"20-05-2024";"12:00";20,6;13,7;65;75;11,2;78;25,6;0;1011;966,6;100
11022;"Retz";320;"20-05-2024";"12:00";20,9;11,9;56;139;6,5;154;15,5;0;1012,3;975,7;92
11035;"Wien/Hohe Warte";203;"20-05-2024";"12:00";21,7;12,7;57;47;6,8;65;18,7;0;1012;988,1;100
11036;"Wien/Schwechat";183;"20-05-2024";"12:00";21;12,2;57;70;5,4;;14,8;0;1012,5;991,4;93
11101;"Bregenz";424;"20-05-2024";"12:00";17,2;11,1;68;303;7,6;305;13,7;0;1009,4;959,3;100
11121;"Innsbruck";579;"20-05-2024";"12:00";20,8;12,1;58;166;5;106;14;0;1008,5;943;100
11126;"Patscherkofel";2247;"20-05-2024";"12:00";9,1;1,4;60;172;23,4;180;39,6;0;;773,4;91
11130;"Kufstein";495;"20-05-2024";"12:00";20,3;11;55;65;6,8;105;14;0;1009,1;953,5;100
11150;"Salzburg";430;"20-05-2024";"12:00";21,2;12,2;57;10;9,4;;18,4;0;1009,8;959,5;100
11155;"Feuerkogel";1618;"20-05-2024";"12:00";12,2;9,7;85;47;4,7;44;14;0;;835,4;91
11157;"Aigen im Ennstal";640;"20-05-2024";"12:00";20,5;11,6;57;44;16,2;42;24,5;0;1009,4;936,5;74
11171;"Mariazell";866;"20-05-2024";"12:00";16;10,6;70;335;10,4;119;19,8;0;1011,2;914,3;15
11190;"Eisenstadt";184;"20-05-2024";"12:00";21,3;13,7;62;113;11,2;107;20,2;0;1012,1;991,1;100
11204;"Lienz";659;"20-05-2024";"12:00";19,5;10,1;54;110;6,5;101;16,9;0;1010;935,1;100
11240;"Graz/Flughafen";340;"20-05-2024";"12:00";21,6;12,7;57;80;3,6;;20,5;0;1011,4;970,1;76
11244;"Bad Gleichenberg";280;"20-05-2024";"12:00";22,6;13,1;54;156;5,8;151;11,9;0;1011,7;980,8;76
11265;"Villacher Alpe";2140;"20-05-2024";"12:00";9;4,7;74;188;13,3;197;24,8;0;;783,3;98
11331;"Klagenfurt/Flughafen";447;"20-05-2024";"12:00";21,6;9,7;46;167;6,8;158;15,5;0;1010,8;959,7;100
11343;"Sonnblick";3105;"20-05-2024";"12:00";0,9;-1,2;87;202;25,6;200;37,8;;;695,6;0
11389;"St. Pölten";270;"20-05-2024";"12:00";21,3;12,9;58;31;7,6;44;19,4;0;1011,7;980,9;100
11010;"Linz/Hörsching";298;"20-05-2024";"13:00";22;11,2;50;120;11,2;;22,3;0;1010,7;975;100
11012;"Kremsmünster";383;"20-05-2024";"13:00";22;13,3;58;82;10,1;97;29,5;0;1010,5;966,3;100
11022;"Retz";320;"20-05-2024";"13:00";21,1;12,6;58;165;8,6;167;17,3;0;1012,1;975,5;100
11035;"Wien/Hohe Warte";203;"20-05-2024";"13:00";22,8;12,9;54;70;8,3;124;18,7;0;1011,7;987,9;100
11036;"Wien/Schwechat";183;"20-05-2024";"13:00";21,8;13,4;59;100;7,6;;16,6;0;1012,4;991,3;96
11101;"Bregenz";424;"20-05-2024";"13:00";18,5;8,5;52;302;6,1;284;13,7;0;1008,9;959;100
11121;"Innsbruck";579;"20-05-2024";"13:00";21,5;9,8;48;87;12,6;80;25,2;0;1007,8;942,4;91
11126;"Patscherkofel";2247;"20-05-2024";"13:00";10,3;1;53;179;19,4;180;44,3;0;;773,4;100
11130;"Kufstein";495;"20-05-2024";"13:00";21,9;12,8;56;77;11,2;109;21,2;0;1008,1;952,9;100
11150;"Salzburg";430;"20-05-2024";"13:00";22,5;13,8;58;20;11,2;;22,3;0;1009;959;100
11155;"Feuerkogel";1618;"20-05-2024";"13:00";12,2;10,2;88;337;6,8;71;17,3;0;;835,4;42
11157;"Aigen im Ennstal";640;"20-05-2024";"13:00";20,9;8,7;46;53;18,4;62;26,3;0;1009,1;936,3;27
11171;"Mariazell";866;"20-05-2024";"13:00";18,3;11,7;65;344;7,6;329;16,2;0;1010;914;53
11190;"Eisenstadt";184;"20-05-2024";"13:00";22,4;14,7;62;71;5,4;78;19,4;0;1011,7;990,8;100
11204;"Lienz";659;"20-05-2024";"13:00";20,7;10,9;53;87;3,6;91;13;0;1009,2;934,7;53
11240;"Graz/Flughafen";340;"20-05-2024";"13:00";22,1;12,8;56;60;7,6;;16,6;0;1011;969,8;81
11244;"Bad Gleichenberg";280;"20-05-2024";"13:00";23,9;13;50;134;5,4;340;14;0;1011,2;980,4;99
11265;"Villacher Alpe";2140;"20-05-2024";"13:00";9;4,9;76;201;13;183;28,1;0;;783,4;89
11331;"Klagenfurt/Flughafen";447;"20-05-2024";"13:00";22,3;10,9;49;120;7,2;143;21,2;0;1010,3;959,3;98
11343;"Sonnblick";3105;"20-05-2024";"13:00";0,7;-1,9;84;205;28,1;192;37,1;;;695,8;0
11389;"St. Pölten";270;"20-05-2024";"13:00";23,1;13;53;49;7,9;33;24,8;0;1010,9;980,3;100
11010;"Linz/Hörsching";298;"20-05-2024";"14:00";22,9;9,6;43;120;5,4;;18,4;0;1010;974,4;100
11012;"Kremsmünster";383;"20-05-2024";"14:00";23,2;12,3;51;100;16,2;83;28,1;0;1009,7;965,7;100
11022;"Retz";320;"20-05-2024";"14:00";23;12,7;52;120;7,2;53;21,6;0;1011,2;974,9;100
11035;"Wien/Hohe Warte";203;"20-05-2024";"14:00";23,8;11,7;47;132;9,4;100;20,2;0;1011;987,3;100
11036;"Wien/Schwechat";183;"20-05-2024";"14:00";22,5;14,2;59;140;5,4;;14,8;0;1011,6;990,6;99
11101;"Bregenz";424;"20-05-2024";"14:00";19,8;10,1;54;301;4,3;286;13,7;0;1007,7;958,1;100
11121;"Innsbruck";579;"20-05-2024";"14:00";21,9;9;44;82;21,2;79;30,6;0;1006,8;941,5;58
11126;"Patscherkofel";2247;"20-05-2024";"14:00";11,1;0,9;50;174;20,2;188;40;0;;773,2;83
11130;"Kufstein";495;"20-05-2024";"14:00";23;12,4;51;38;11,9;91;23;0;1007,3;952,3;100
11150;"Salzburg";430;"20-05-2024";"14:00";23;13,7;56;20;16,6;;29,5;0;1008,4;958,5;100
11155;"Feuerkogel";1618;"20-05-2024";"14:00";12,8;10,6;86;337;5,4;14;13,7;0;;835,2;38
11157;"Aigen im Ennstal";640;"20-05-2024";"14:00";20,2;9,9;52;44;11,9;32;27,4;0,1;1009,3;936,3;30
11171;"Mariazell";866;"20-05-2024";"14:00";20,1;10,3;53;27;6,1;67;18;0;1009,1;913,7;29
11190;"Eisenstadt";184;"20-05-2024";"14:00";22,2;13,8;59;88;9,7;83;22,7;0;1011,2;990,3;70
11204;"Lienz";659;"20-05-2024";"14:00";23,5;8,5;38;108;16,6;101;29,9;0;1007,8;934;87
11240;"Graz/Flughafen";340;"20-05-2024";"14:00";23,4;11,9;49;130;9,4;;20,5;0;1010,4;969,4;89
11244;"Bad Gleichenberg";280;"20-05-2024";"14:00";24,2;12,4;47;119;4,3;132;16,9;0;1010,8;980,1;97
11265;"Villacher Alpe";2140;"20-05-2024";"14:00";9,5;3,4;65;181;13;166;28,4;0;;783,2;67
11331;"Klagenfurt/Flughafen";447;"20-05-2024";"14:00";23,7;11,5;47;144;10,8;142;22,7;0;1009,3;958,6;99
11343;"Sonnblick";3105;"20-05-2024";"14:00";0,7;-1,6;86;227;19,8;209;41,4;;;696;0
11389;"St. Pölten";270;"20-05-2024";"14:00";24;12,2;48;51;10,8;51;29,5;0;1010,3;979,8;98
11010;"Linz/Hörsching";298;"20-05-2024";"15:00";23,8;10,9;44;140;13;;22,3;0;1009,1;973,7;100
11012;"Kremsmünster";383;"20-05-2024";"15:00";24,1;11,7;46;57;7,9;111;23,8;0;1009;965,2;100
11022;"Retz";320;"20-05-2024";"15:00";22,1;10,9;49;68;9;88;24,1;0;1010,8;974,4;80
11035;"Wien/Hohe Warte";203;"20-05-2024";"15:00";23;13,2;54;125;9,4;123;22,7;0;1010,7;986,9;57
11036;"Wien/Schwechat";183;"20-05-2024";"15:00";22,9;14,3;58;150;5,4;;18,4;0;1011,2;990,2;59
11101;"Bregenz";424;"20-05-2024";"15:00";20,8;11,2;55;297;5,4;290;13,3;0;1007,1;957,7;77
11121;"Innsbruck";579;"20-05-2024";"15:00";25;7,5;33;96;11,9;58;29,5;0;1005,3;940,8;94
11126;"Patscherkofel";2247;"20-05-2024";"15:00";10,2;0,6;52;159;25,2;183;45,4;0;;773,1;99
11130;"Kufstein";495;"20-05-2024";"15:00";23,5;12,2;49;54;9;40;27,4;0;1006,7;951,8;76
11150;"Salzburg";430;"20-05-2024";"15:00";23,5;11,7;47;30;18,4;;29,5;0;1007,9;958;100
11155;"Feuerkogel";1618;"20-05-2024";"15:00";13,2;10,7;85;347;7,2;29;17,3;0;;834,9;47
11157;"Aigen im Ennstal";640;"20-05-2024";"15:00";22,4;9,1;43;41;13,3;41;24,1;0;1008;935,6;44
11171;"Mariazell";866;"20-05-2024";"15:00";18,2;13,1;72;342;11,2;338;22;0;1009,2;913,3;33
11190;"Eisenstadt";184;"20-05-2024";"15:00";22,6;14,6;61;91;6,8;92;17,6;0;1010,9;990;28
11204;"Lienz";659;"20-05-2024";"15:00";23,2;8;38;105;26,6;112;45;0;1007,3;933,5;61
11240;"Graz/Flughafen";340;"20-05-2024";"15:00";23,7;11,8;47;160;11,2;;20,5;0;1009,4;968,5;73
11244;"Bad Gleichenberg";280;"20-05-2024";"15:00";23,6;13,2;51;148;10,1;159;19,8;0;1010,3;979,5;64
11265;"Villacher Alpe";2140;"20-05-2024";"15:00";9,2;6,4;83;194;9,4;180;35,3;0;;783,1;55
11331;"Klagenfurt/Flughafen";447;"20-05-2024";"15:00";24;11,4;45;155;10,1;154;27,4;0;1008,7;958,1;72
11343;"Sonnblick";3105;"20-05-2024";"15:00";0,8;-1,3;86;240;24,1;210;34,9;;;695,7;0
11389;"St. Pölten";270;"20-05-2024";"15:00";24,2;12,7;49;82;6,1;36;29,5;0;1009,7;979,2;51
