"Station";"Name";"Höhe m";"Datum";"Zeit";"T °C";"TP °C";"RF %";"WR °";"WG km/h";"WSR °";"WSG km/h";"N l/m²";"LDred hPa";"LDstat hPa";"SO %"
11010;"Linz/Hörsching";298;"24-07-2026";"00:00";14,2;6,6;60;0;1,8;;14,8;0;1018,9;981,9;0
11012;"Kremsmünster";383;"24-07-2026";"00:00";15,7;5,9;52;274;11,2;293;19,8;0;1018,8;973,2;0
11022;"Retz";320;"24-07-2026";"00:00";14;7,8;67;300;14,8;298;20,2;0;1017,6;979,9;0
11035;"Wien/Hohe Warte";203;"24-07-2026";"00:00";17,5;8,5;56;339;17,6;349;36;0;1016,6;992,2;0
11036;"Wien/Schwechat";183;"24-07-2026";"00:00";16,4;8,6;60;330;16,6;;25,9;0;1016,9;995,3;0
11101;"Bregenz";424;"24-07-2026";"00:00";19,5;6,1;42;360;13,3;18;32;0;1018,8;968,5;0
11121;"Innsbruck";579;"24-07-2026";"00:00";18;7,2;49;236;2,9;289;20,5;0;1017,7;950,9;0
11126;"Patscherkofel";2247;"24-07-2026";"00:00";4,8;1,8;82;3;16,9;355;36,7;0;;779,3;0
11130;"Kufstein";495;"24-07-2026";"00:00";17,4;8;54;48;3,2;44;15,1;0;1019,1;962,3;0
11150;"Salzburg";430;"24-07-2026";"00:00";17,4;5,9;47;300;13;;18,4;0;1019,3;967,8;0
11155;"Feuerkogel";1618;"24-07-2026";"00:00";6,7;3,2;79;321;13,7;307;29,9;0;;840,4;0
11157;"Aigen im Ennstal";640;"24-07-2026";"00:00";15,3;6,8;57;266;5,8;251;19,1;0;1017,8;943;0
11171;"Mariazell";866;"24-07-2026";"00:00";13;4,3;56;352;9,7;339;23;0;1018,2;919,5;0
11190;"Eisenstadt";184;"24-07-2026";"00:00";13,6;10,1;80;301;13,7;300;19,8;0;1016,6;994,9;0
11204;"Lienz";659;"24-07-2026";"00:00";16,1;5,9;51;297;2,9;276;11,9;0;1015,4;939,2;0
11240;"Graz/Flughafen";340;"24-07-2026";"00:00";15,4;9,4;67;250;3,6;;16,6;0;1016,5;974,1;0
11244;"Bad Gleichenberg";280;"24-07-2026";"00:00";13,3;11,8;90;331;2,5;332;6,5;0;1017,2;985,1;0
11265;"Villacher Alpe";2140;"24-07-2026";"00:00";6,5;1,2;69;349;33,5;340;52,6;0;;786,7;0
11331;"Klagenfurt/Flughafen";447;"24-07-2026";"00:00";17,3;8,8;58;73;10,1;80;17,6;0;1015,7;963,6;0
11343;"Sonnblick";3105;"24-07-2026";"00:00";-1,5;-1,5;100;8;17,6;278;49,3;;;699,2;0
11389;"St. Pölten";270;"24-07-2026";"00:00";16;8,5;61;275;4,7;289;15,5;0;1017,6;986;0
11010;"Linz/Hörsching";298;"24-07-2026";"01:00";12,9;6,5;65;260;9,4;;11,2;0;1019,4;982,3;0
11012;"Kremsmünster";383;"24-07-2026";"01:00";15,4;5,7;52;276;17,3;272;24,5;0;1019,1;973,5;0
11022;"Retz";320;"24-07-2026";"01:00";13,8;8,1;69;290;18;303;29,5;0;1017,8;980;0
11035;"Wien/Hohe Warte";203;"24-07-2026";"01:00";16,8;8,6;58;334;14;350;28,4;0;1017;992,5;0
11036;"Wien/Schwechat";183;"24-07-2026";"01:00";16,1;8,8;62;340;14,8;;27,7;0;1017;995,4;0
11101;"Bregenz";424;"24-07-2026";"01:00";16,8;7,3;54;56;5,8;348;21,6;0;1019,3;968,6;0
11121;"Innsbruck";579;"24-07-2026";"01:00";17,9;6,7;48;46;9,7;156;31,7;0;1018,1;951,2;0
11126;"Patscherkofel";2247;"24-07-2026";"01:00";4,2;1,4;83;359;17,3;353;33,5;0;;779,3;0
11130;"Kufstein";495;"24-07-2026";"01:00";17;7,6;54;37;5,4;48;15,1;0;1019,6;962,7;0
11150;"Salzburg";430;"24-07-2026";"01:00";16,7;6;49;310;11,2;;18,4;0;1019,7;968;0
11155;"Feuerkogel";1618;"24-07-2026";"01:00";6,2;3;80;313;7,6;302;28,8;0;;840,5;0
11157;"Aigen im Ennstal";640;"24-07-2026";"01:00";15,8;6,1;53;239;12,6;220;27,4;0;1018;943,3;0
11171;"Mariazell";866;"24-07-2026";"01:00";12,2;4,7;61;325;6,5;359;17,6;0;1018,7;919,7;0
11190;"Eisenstadt";184;"24-07-2026";"01:00";14,4;9,6;73;298;12,6;319;20,2;0;1016,8;995,2;0
11204;"Lienz";659;"24-07-2026";"01:00";15,6;3,9;45;296;1,4;338;10,4;0;1015,9;939,5;0
11240;"Graz/Flughafen";340;"24-07-2026";"01:00";14,7;9,2;70;230;5,4;;13;0;1017,1;974,6;0
11244;"Bad Gleichenberg";280;"24-07-2026";"01:00";11,9;10,3;90;340;4;317;10,8;0;1017,7;985,4;0
11265;"Villacher Alpe";2140;"24-07-2026";"01:00";5,8;0,7;70;347;26,6;334;59;0;;786,7;0
11331;"Klagenfurt/Flughafen";447;"24-07-2026";"01:00";16,5;9,4;64;70;1,8;75;20,5;0;1016,4;964,1;0
11343;"Sonnblick";3105;"24-07-2026";"01:00";-2;-2;100;15;15,5;15;61,6;;;699;0
11389;"St. Pölten";270;"24-07-2026";"01:00";16,2;8,1;59;283;8,6;313;19,8;0;1018;986,4;0
11010;"Linz/Hörsching";298;"24-07-2026";"02:00";12,5;6,5;67;270;14,8;;18,4;0;1019,8;982,6;0
11012;"Kremsmünster";383;"24-07-2026";"02:00";15,6;5,4;50;279;15,1;267;25,2;0;1019,2;973,6;0
11022;"Retz";320;"24-07-2026";"02:00";13;8,1;72;290;18,7;296;28,1;0;1017,8;979,9;0
11035;"Wien/Hohe Warte";203;"24-07-2026";"02:00";16;8,6;61;313;19,4;300;33,5;0;1016,9;992,4;0
11036;"Wien/Schwechat";183;"24-07-2026";"02:00";15,8;8,7;63;330;20,5;;29,5;0;1017,1;995,5;0
11101;"Bregenz";424;"24-07-2026";"02:00";15,4;7,4;60;96;3,2;318;11,9;0;1019,6;968,6;0
11121;"Innsbruck";579;"24-07-2026";"02:00";17;7,2;52;277;5,8;63;20,9;0;1018,4;951,3;0
11126;"Patscherkofel";2247;"24-07-2026";"02:00";4,4;1,7;83;339;25,2;341;35,6;0;;779,2;0
11130;"Kufstein";495;"24-07-2026";"02:00";15,4;7,6;60;38;5,8;38;15,8;0;1019,9;962,7;0
11150;"Salzburg";430;"24-07-2026";"02:00";15,8;6,2;53;310;11,2;;16,6;0;1019,9;968,1;0
11155;"Feuerkogel";1618;"24-07-2026";"02:00";5,6;2,9;82;318;10,1;327;25,2;0;;840,4;0
11157;"Aigen im Ennstal";640;"24-07-2026";"02:00";15,7;5,6;51;267;12,6;283;25,6;0;1018,2;943,4;0
11171;"Mariazell";866;"24-07-2026";"02:00";11,4;5;65;2;4,3;326;14,4;0;1018,8;919,6;0
11190;"Eisenstadt";184;"24-07-2026";"02:00";14,4;9,2;71;296;12,6;305;22,7;0;1016,8;995,2;0
11204;"Lienz";659;"24-07-2026";"02:00";13,3;4,7;56;15;2,5;250;13,3;0;1017;939,9;0
11240;"Graz/Flughafen";340;"24-07-2026";"02:00";13,1;9,8;80;180;5,4;;9,4;0;1017,4;974,6;0
11244;"Bad Gleichenberg";280;"24-07-2026";"02:00";11,6;10,2;91;79;1,4;190;7,2;0;1017,7;985,4;0
11265;"Villacher Alpe";2140;"24-07-2026";"02:00";5,7;0,3;68;1;24,8;347;50,4;0;;786,7;0
11331;"Klagenfurt/Flughafen";447;"24-07-2026";"02:00";15,9;10;68;121;7,9;112;16,9;0;1016,7;964,3;0
11343;"Sonnblick";3105;"24-07-2026";"02:00";-2;-2;100;12;16,2;333;50,8;;;698,9;0
11389;"St. Pölten";270;"24-07-2026";"02:00";15,3;8,4;64;248;6,5;258;18,4;0;1018,1;986,4;0
11010;"Linz/Hörsching";298;"24-07-2026";"03:00";11,4;6,1;70;280;11,2;;16,6;0;1019,9;982,5;0
11012;"Kremsmünster";383;"24-07-2026";"03:00";14,1;5,9;58;283;9;300;22,3;0;1019,6;973,7;0
11022;"Retz";320;"24-07-2026";"03:00";13,3;8,2;72;288;18,4;289;28,1;0;1017,6;979,8;0
11035;"Wien/Hohe Warte";203;"24-07-2026";"03:00";15,5;8,6;63;303;20,9;314;43,2;0;1017,1;992,5;0
11036;"Wien/Schwechat";183;"24-07-2026";"03:00";15,2;8,9;66;320;20,5;;29,5;0;1017,3;995,6;0
11101;"Bregenz";424;"24-07-2026";"03:00";14,3;7,5;64;99;2,5;61;8,3;0;1019,7;968,5;0
11121;"Innsbruck";579;"24-07-2026";"03:00";14,9;7,6;62;302;7,6;314;12,6;0;1019,1;951,5;0
11126;"Patscherkofel";2247;"24-07-2026";"03:00";3,8;1,4;85;338;24,1;331;37,1;0;;779;0
11130;"Kufstein";495;"24-07-2026";"03:00";14,5;7,9;65;359;5,8;41;13;0;1020,1;962,7;0
11150;"Salzburg";430;"24-07-2026";"03:00";15,2;6,4;56;330;11,2;;16,6;0;1019,9;968;0
11155;"Feuerkogel";1618;"24-07-2026";"03:00";5,4;2,5;82;320;11,5;309;27,4;0;;840,3;0
11157;"Aigen im Ennstal";640;"24-07-2026";"03:00";15,6;5;50;240;11,2;278;27;0;1018,3;943,5;0
11171;"Mariazell";866;"24-07-2026";"03:00";11,5;5;65;336;7,9;334;17,3;0;1018,8;919,6;0
11190;"Eisenstadt";184;"24-07-2026";"03:00";14,7;9;69;299;13,7;287;27,7;0;1016,9;995,3;0
11204;"Lienz";659;"24-07-2026";"03:00";12,9;5,1;59;139;2,2;27;10,1;0;1017,1;939,9;0
11240;"Graz/Flughafen";340;"24-07-2026";"03:00";11,7;9,2;85;60;3,6;;9,4;0;1017,8;974,8;0
11244;"Bad Gleichenberg";280;"24-07-2026";"03:00";10,8;9,4;91;180;2,2;337;4,3;0;1017,9;985,5;0
11265;"Villacher Alpe";2140;"24-07-2026";"03:00";5,2;0,2;71;7;11,9;342;46,8;0;;786,6;0
11331;"Klagenfurt/Flughafen";447;"24-07-2026";"03:00";14;9,8;77;25;2,2;108;11,2;0;1017,2;964,4;0
11343;"Sonnblick";3105;"24-07-2026";"03:00";-2,5;-2,6;99;344;19,1;310;58;;;698,7;0
11389;"St. Pölten";270;"24-07-2026";"03:00";15;8,5;65;224;4;;14,4;0;1018,3;986,6;0
11010;"Linz/Hörsching";298;"24-07-2026";"05:00";9,3;5,7;79;0;1,8;;11,2;0;1020,6;982,9;0
11012;"Kremsmünster";383;"24-07-2026";"05:00";12,6;6;64;;20,2;251;24,8;0;1020,2;974,1;0
11022;"Retz";320;"24-07-2026";"05:00";13,4;8,1;71;289;18;301;33,1;0;1017,7;979,9;0
11035;"Wien/Hohe Warte";203;"24-07-2026";"05:00";15,5;8,6;63;307;18,4;312;42,1;0;1017,3;992,7;0
11036;"Wien/Schwechat";183;"24-07-2026";"05:00";15,7;8,5;62;310;24,1;;33,5;0;1017,3;995,6;0
11101;"Bregenz";424;"24-07-2026";"05:00";12,6;7,7;72;116;4,3;154;7,2;0;1019,6;968,1;0
11121;"Innsbruck";579;"24-07-2026";"05:00";12,6;7,1;69;318;9,4;317;14;0;1020,1;951,9;0
11126;"Patscherkofel";2247;"24-07-2026";"05:00";3,6;1;84;333;29,9;333;37,8;0;;778,6;0
11130;"Kufstein";495;"24-07-2026";"05:00";12,4;7,6;74;12;2,2;24;8,3;0;1020,4;962,6;0
11150;"Salzburg";430;"24-07-2026";"05:00";12,5;6,9;69;0;1,8;;7,6;0,1;1020,5;968,1;0
11155;"Feuerkogel";1618;"24-07-2026";"05:00";4,7;1,8;81;315;17,6;311;34,9;0;;840,3;0
11157;"Aigen im Ennstal";640;"24-07-2026";"05:00";14,2;4,6;53;;8,6;219;27;0;1019;943,8;0
11171;"Mariazell";866;"24-07-2026";"05:00";10,7;5;68;336;6,5;298;25,6;0;1019,3;919,8;0
11190;"Eisenstadt";184;"24-07-2026";"05:00";14,7;9;69;287;13;307;24,5;0;1017;995,4;0
11204;"Lienz";659;"24-07-2026";"05:00";9,8;5;72;122;2,5;105;6,5;0;1018,4;940,3;0
11240;"Graz/Flughafen";340;"24-07-2026";"05:00";10,7;8,8;88;0;1,8;;13;0;1018,2;975;0
11244;"Bad Gleichenberg";280;"24-07-2026";"05:00";10;8,7;91;140;1,1;337;6,8;0;1018,3;985,8;0
11265;"Villacher Alpe";2140;"24-07-2026";"05:00";4,2;0,2;75;355;23,4;337;37,8;0;;786,3;0
11331;"Klagenfurt/Flughafen";447;"24-07-2026";"05:00";11,6;8,1;79;316;6,5;298;13,3;0;1017,9;964,6;0
11343;"Sonnblick";3105;"24-07-2026";"05:00";-4;-5,1;93;343;22,3;301;77;;;698,4;0
11389;"St. Pölten";270;"24-07-2026";"05:00";14,3;8,4;68;243;10,8;235;21,2;0;1018,5;986,7;0
11010;"Linz/Hörsching";298;"24-07-2026";"06:00";9,2;5,8;79;260;7,6;;9,4;0;1021;983,3;0
11012;"Kremsmünster";383;"24-07-2026";"06:00";12,6;6;64;;20,9;257;26,6;0;1020,4;974,3;7
11022;"Retz";320;"24-07-2026";"06:00";13;8,1;73;298;18,7;295;28,4;0;1018,2;980,3;0
11035;"Wien/Hohe Warte";203;"24-07-2026";"06:00";15,9;8,5;62;305;20,9;299;42,8;0;1017,6;993;5
11036;"Wien/Schwechat";183;"24-07-2026";"06:00";15,7;8,7;63;310;16,6;;33,5;0;1017,8;996,1;0
11101;"Bregenz";424;"24-07-2026";"06:00";12,3;7,9;75;65;3,2;60;6,1;0;1019,9;968,4;0
11121;"Innsbruck";579;"24-07-2026";"06:00";12,1;6,9;71;314;6,8;315;13,7;0;1020,6;952,2;0
11126;"Patscherkofel";2247;"24-07-2026";"06:00";3,6;1,3;86;345;26,6;334;36,4;0;;778,5;14
11130;"Kufstein";495;"24-07-2026";"06:00";11,8;7,5;75;219;2,9;332;7,6;0;1020,8;962,9;0
11150;"Salzburg";430;"24-07-2026";"06:00";11,1;6,9;76;230;3,6;;9,4;0,1;1021;968,3;0
11155;"Feuerkogel";1618;"24-07-2026";"06:00";5,1;2,1;81;319;18,7;324;32,4;0;;840,4;1
11157;"Aigen im Ennstal";640;"24-07-2026";"06:00";14,4;3,6;48;226;11,5;224;25,6;0;1019,4;944,2;0
11171;"Mariazell";866;"24-07-2026";"06:00";11,1;5;66;325;13,7;322;28,1;0;1019,3;919,9;0
11190;"Eisenstadt";184;"24-07-2026";"06:00";15,2;9;66;280;14,4;290;27,4;0;1017,3;995,7;11
11204;"Lienz";659;"24-07-2026";"06:00";8,9;4,7;75;90;2,2;53;7,6;0;1019,2;940,8;0
11240;"Graz/Flughafen";340;"24-07-2026";"06:00";10,8;8,7;87;0;1,8;;5,4;0;1018,5;975,3;11
11244;"Bad Gleichenberg";280;"24-07-2026";"06:00";9,4;8,1;92;280;1,1;83;4,3;0;1018,6;986;0
11265;"Villacher Alpe";2140;"24-07-2026";"06:00";4,1;0,6;79;346;24,1;346;41,4;0;;786,4;11
11331;"Klagenfurt/Flughafen";447;"24-07-2026";"06:00";10,9;7,6;80;349;3,6;322;14,4;0;1018,6;965,2;0
11343;"Sonnblick";3105;"24-07-2026";"06:00";-4,5;-11,2;57;331;31;289;63;;;698,4;0
11389;"St. Pölten";270;"24-07-2026";"06:00";13,6;8,3;71;216;9,7;205;22,3;0;1018,8;986,9;0
11010;"Linz/Hörsching";298;"24-07-2026";"07:00";11,7;7;73;250;9,4;;11,2;0;1020,6;983,3;94
11012;"Kremsmünster";383;"24-07-2026";"07:00";12,9;6,1;63;263;20,2;256;25,9;0;1020,5;974,4;11
11022;"Retz";320;"24-07-2026";"07:00";13,7;8,2;70;298;24,1;304;37,4;0;1018,2;980,4;0
11035;"Wien/Hohe Warte";203;"24-07-2026";"07:00";16,3;8,8;61;305;19,4;300;42,1;0;1017,7;993,2;62
11036;"Wien/Schwechat";183;"24-07-2026";"07:00";15,9;8,8;62;330;25,9;;38,9;0;1017,7;996,1;30
11101;"Bregenz";424;"24-07-2026";"07:00";12,6;8,4;76;163;5;165;6,8;0;1020;968,5;0
11121;"Innsbruck";579;"24-07-2026";"07:00";13,9;8,3;69;322;8,6;311;16,2;0;1020,3;952,4;87
11126;"Patscherkofel";2247;"24-07-2026";"07:00";4,3;1,1;81;342;21,6;330;38,2;0;;778,7;100
11130;"Kufstein";495;"24-07-2026";"07:00";12,3;7,8;75;216;2,5;211;4,7;0;1020,9;963,1;24
11150;"Salzburg";430;"24-07-2026";"07:00";12,2;8,1;76;150;5,4;;7,6;0;1021;968,5;39
11155;"Feuerkogel";1618;"24-07-2026";"07:00";5,4;2,3;80;312;18,7;319;32,4;0;;840,5;0
11157;"Aigen im Ennstal";640;"24-07-2026";"07:00";14,3;4,7;52;234;16,6;225;32;0;1019,6;944,3;29
11171;"Mariazell";866;"24-07-2026";"07:00";11,3;5,2;67;332;16,2;313;31;0;1019,4;920,1;0
11190;"Eisenstadt";184;"24-07-2026";"07:00";15,8;8,8;63;294;15,1;294;30,6;0;1017,1;995,6;18
11204;"Lienz";659;"24-07-2026";"07:00";10,3;4,7;69;130;3,6;130;7,2;0;1019,2;941,2;9
11240;"Graz/Flughafen";340;"24-07-2026";"07:00";13;10,5;85;140;5,4;;9,4;0;1018,2;975,4;99
11244;"Bad Gleichenberg";280;"24-07-2026";"07:00";11,8;9,4;85;26;1,1;329;4,7;0;1018,5;986,2;80
11265;"Villacher Alpe";2140;"24-07-2026";"07:00";5;0,6;74;355;21,2;325;37,1;0;;786,5;99
11331;"Klagenfurt/Flughafen";447;"24-07-2026";"07:00";12,8;7,8;72;292;1,8;312;19,4;0;1018,7;965,6;81
11343;"Sonnblick";3105;"24-07-2026";"07:00";-3,7;-5,4;88;348;35,3;2;69,1;;;698,1;62
11389;"St. Pölten";270;"24-07-2026";"07:00";14,1;8,2;68;229;14;214;22,3;0;1019,2;987,3;0
11010;"Linz/Hörsching";298;"24-07-2026";"08:00";13,7;7,5;66;300;7,6;;13;0;1020,6;983,5;100
11012;"Kremsmünster";383;"24-07-2026";"08:00";14,8;6,5;58;273;8,3;247;21,6;0;1020,3;974,5;99
11022;"Retz";320;"24-07-2026";"08:00";14,6;8,4;67;306;18,7;299;37,1;0;1018,4;980,7;0
11035;"Wien/Hohe Warte";203;"24-07-2026";"08:00";16,3;8,8;61;311;19,1;301;40,3;0;1017,9;993,4;47
11036;"Wien/Schwechat";183;"24-07-2026";"08:00";17,6;9,4;59;320;27,7;;46,4;0;1017,7;996,2;94
11101;"Bregenz";424;"24-07-2026";"08:00";14,9;9,8;72;64;1,4;132;5,4;0;1019,5;968,5;77
11121;"Innsbruck";579;"24-07-2026";"08:00";16;7,7;57;308;5;319;15,1;0;1019,9;952,5;100
11126;"Patscherkofel";2247;"24-07-2026";"08:00";4,6;1,3;80;342;19,1;360;40,7;0;;778,9;100
11130;"Kufstein";495;"24-07-2026";"08:00";14,4;8,2;66;115;2,9;208;6,1;0;1020,5;963,1;83
11150;"Salzburg";430;"24-07-2026";"08:00";15,5;7,8;60;170;5,4;;11,2;0;1020,3;968,4;67
11155;"Feuerkogel";1618;"24-07-2026";"08:00";6,6;2,7;76;314;13,7;309;29,5;0;;840,7;12
11157;"Aigen im Ennstal";640;"24-07-2026";"08:00";15,5;4,8;49;239;17,6;228;37,1;0;1019,1;944,2;61
11171;"Mariazell";866;"24-07-2026";"08:00";11,4;5,4;67;305;14;294;30,6;0;1019,5;920,2;16
11190;"Eisenstadt";184;"24-07-2026";"08:00";17,2;9,3;60;310;19,1;320;37,8;0;1017,1;995,7;95
11204;"Lienz";659;"24-07-2026";"08:00";15;5;51;93;1,4;156;7,6;0;1017,9;941,2;100
11240;"Graz/Flughafen";340;"24-07-2026";"08:00";15,2;10,8;75;130;3,6;;11,2;0;1018;975,5;99
11244;"Bad Gleichenberg";280;"24-07-2026";"08:00";15,1;10,9;75;76;1,1;70;4,7;0;1018,1;986,2;100
11265;"Villacher Alpe";2140;"24-07-2026";"08:00";5,2;0,4;71;350;26,3;351;36,4;0;;786,5;90
11331;"Klagenfurt/Flughafen";447;"24-07-2026";"08:00";15,7;9,6;67;121;2,2;287;10,8;0;1018,1;965,6;100
11343;"Sonnblick";3105;"24-07-2026";"08:00";-3,5;-6,6;80;352;42,8;9;79,9;;;698,2;90
11389;"St. Pölten";270;"24-07-2026";"08:00";15;8;63;234;18,4;222;32,8;0;1019,2;987,4;40
11010;"Linz/Hörsching";298;"24-07-2026";"09:00";16,2;7,7;57;270;11,2;;16,6;0;1020,4;983,6;100
11012;"Kremsmünster";383;"24-07-2026";"09:00";16,1;7,1;54;275;3,6;297;23;0;1020,4;974,8;100
11022;"Retz";320;"24-07-2026";"09:00";16,1;8,8;62;319;18;299;33,5;0;1018,6;981,1;9
11035;"Wien/Hohe Warte";203;"24-07-2026";"09:00";16,4;9,1;62;314;18,7;320;34,9;0;1018,3;993,8;0
11036;"Wien/Schwechat";183;"24-07-2026";"09:00";17,5;9,4;59;330;27,7;;42,5;0;1018,1;996,6;55
11101;"Bregenz";424;"24-07-2026";"09:00";19;8,2;50;222;0,7;123;9,4;0;1018,8;968,5;100
11121;"Innsbruck";579;"24-07-2026";"09:00";17,6;7,9;53;341;6,1;315;17,3;0;1019,4;952,4;100
11126;"Patscherkofel";2247;"24-07-2026";"09:00";5,4;1;74;346;19,4;343;36,4;0;;779,2;100
11130;"Kufstein";495;"24-07-2026";"09:00";16;7,6;57;130;3,2;144;6,5;0;1020,1;963;100
11150;"Salzburg";430;"24-07-2026";"09:00";18;6,8;48;150;3,6;;9,4;0;1019,9;968,4;100
11155;"Feuerkogel";1618;"24-07-2026";"09:00";9;3,5;69;313;13,7;303;31,3;0;;841;88
11157;"Aigen im Ennstal";640;"24-07-2026";"09:00";16,2;4,5;46;231;17,6;222;34,9;0;1019,3;944,5;97
11171;"Mariazell";866;"24-07-2026";"09:00";12;5,7;66;307;12,6;325;29,5;0;1019,5;920,4;4
11190;"Eisenstadt";184;"24-07-2026";"09:00";17,9;9,3;57;314;19,4;290;39,6;0;1017,7;996,3;77
11204;"Lienz";659;"24-07-2026";"09:00";17,2;4,9;45;110;4,3;106;10,8;0;1017,3;941,2;100
11240;"Graz/Flughafen";340;"24-07-2026";"09:00";18,5;4,9;41;330;14,8;;27,7;0;1017,7;975,6;97
11244;"Bad Gleichenberg";280;"24-07-2026";"09:00";19,6;8,7;49;325;5,8;327;16,9;0;1017,7;986,2;100
11265;"Villacher Alpe";2140;"24-07-2026";"09:00";5,9;0,3;68;355;23,8;344;40,7;0;;786,8;100
11331;"Klagenfurt/Flughafen";447;"24-07-2026";"09:00";17,5;10,9;66;149;9,7;142;15,5;0;1017,9;965,7;100
11343;"Sonnblick";3105;"24-07-2026";"09:00";-3,1;-11;55;356;37,1;351;69,1;;;698,7;82
11389;"St. Pölten";270;"24-07-2026";"09:00";16,5;8,3;58;227;16,2;246;34,9;0;1019,1;987,5;69
11010;"Linz/Hörsching";298;"24-07-2026";"10:00";18,7;7,1;47;310;11,2;;20,5;0;1019,5;983,1;100
11012;"Kremsmünster";383;"24-07-2026";"10:00";17,9;6,5;47;274;6,5;228;19,1;0;1019,7;974,4;99
11022;"Retz";320;"24-07-2026";"10:00";17,7;9;57;334;8,6;330;34,9;0;1018,3;981;30
11035;"Wien/Hohe Warte";203;"24-07-2026";"10:00";18;9,5;58;303;17,3;287;40,7;0;1018,1;993,7;15
11036;"Wien/Schwechat";183;"24-07-2026";"10:00";17,9;9,5;58;320;27,7;;38,9;0;1018,1;996,6;1
11101;"Bregenz";424;"24-07-2026";"10:00";20,4;9,7;51;311;3,6;335;11,5;0;1018;968;100
11121;"Innsbruck";579;"24-07-2026";"10:00";18,9;7,7;48;352;2,5;140;18,4;0;1018,8;952,1;100
11126;"Patscherkofel";2247;"24-07-2026";"10:00";6,2;-1,3;59;338;12,6;326;33,1;0;;779,5;100
11130;"Kufstein";495;"24-07-2026";"10:00";18,4;7,4;49;74;4,3;67;9;0;1019,1;962,5;100
11150;"Salzburg";430;"24-07-2026";"10:00";19;5,8;42;360;9,4;;14,8;0;1019,4;968,1;100
11155;"Feuerkogel";1618;"24-07-2026";"10:00";8,3;2,5;67;316;2,2;340;28,8;0;;841,1;84
11157;"Aigen im Ennstal";640;"24-07-2026";"10:00";17;3,4;40;226;16,9;222;41;0;1019;944,4;80
11171;"Mariazell";866;"24-07-2026";"10:00";12,2;5,6;64;308;14,8;325;31;0;1019,5;920,5;2
11190;"Eisenstadt";184;"24-07-2026";"10:00";17,6;9,1;58;311;20,9;311;42,5;0;1017,6;996,2;27
11204;"Lienz";659;"24-07-2026";"10:00";20,7;5,2;37;70;2,5;129;9,7;0;1015,9;940,8;100
11240;"Graz/Flughafen";340;"24-07-2026";"10:00";20;4,7;37;320;18,4;;35,3;0;1017,5;975,6;94
11244;"Bad Gleichenberg";280;"24-07-2026";"10:00";20,4;6,2;40;352;8,6;344;27;0;1017,4;986;89
11265;"Villacher Alpe";2140;"24-07-2026";"10:00";6,4;0,5;66;358;22,7;359;34,2;0;;787;99
11331;"Klagenfurt/Flughafen";447;"24-07-2026";"10:00";19,9;6,1;41;144;13,3;167;25,2;0;1017,2;965,4;100
11343;"Sonnblick";3105;"24-07-2026";"10:00";-2,9;-6,1;79;354;36,7;9;74,9;;;699;99
11389;"St. Pölten";270;"24-07-2026";"10:00";16,7;8,4;58;242;18,7;256;34,2;0;1018,9;987,3;0
11010;"Linz/Hörsching";298;"24-07-2026";"11:00";18,7;6,5;45;270;22,3;;38,9;0;1019,4;983;84
11012;"Kremsmünster";383;"24-07-2026";"11:00";19,5;6,1;42;293;4,3;260;31,3;0;1019,1;974,1;89
11022;"Retz";320;"24-07-2026";"11:00";20,1;7;43;309;14;321;30,6;0;1017,7;980,7;73
11035;"Wien/Hohe Warte";203;"24-07-2026";"11:00";19,5;9,4;52;328;16,6;347;36,4;0;1017,7;993,4;59
11036;"Wien/Schwechat";183;"24-07-2026";"11:00";20,3;9,4;50;310;24,1;;44,3;0;1017,6;996,3;60
11101;"Bregenz";424;"24-07-2026";"11:00";20,7;7,9;44;278;8,3;274;14;0;1017,7;967,7;100
11121;"Innsbruck";579;"24-07-2026";"11:00";19,6;6,3;42;332;5;144;19,4;0;1017,8;951,3;100
11126;"Patscherkofel";2247;"24-07-2026";"11:00";7,7;-3,3;47;335;12,2;331;29,5;0;;779,7;99
11130;"Kufstein";495;"24-07-2026";"11:00";20,6;7,5;43;60;7,9;51;16,2;0;1018,1;962;100
11150;"Salzburg";430;"24-07-2026";"11:00";19,8;5,7;40;360;11,2;;20,5;0;1018,8;967,7;100
11155;"Feuerkogel";1618;"24-07-2026";"11:00";10,5;3,1;60;335;9,4;300;19,8;0;;841,1;61
11157;"Aigen im Ennstal";640;"24-07-2026";"11:00";18,4;4,4;40;234;10,8;208;33,5;0,1;1017,9;943,8;88
11171;"Mariazell";866;"24-07-2026";"11:00";12,9;5,2;60;316;11,2;313;29,2;0;1019,2;920,4;0
11190;"Eisenstadt";184;"24-07-2026";"11:00";19,8;9,5;52;335;17,6;327;45;0;1017;995,8;70
11204;"Lienz";659;"24-07-2026";"11:00";22,1;-1,3;21;193;6,8;177;14,8;0;1015;940,2;100
11240;"Graz/Flughafen";340;"24-07-2026";"11:00";20,2;4,4;36;350;20,5;;35,3;0;1017,4;975,6;90
11244;"Bad Gleichenberg";280;"24-07-2026";"11:00";20,6;6,2;39;343;10,4;337;28,8;0;1017,4;986;18
11265;"Villacher Alpe";2140;"24-07-2026";"11:00";7,1;1,6;68;346;15,8;356;30,6;0;;787,1;100
11331;"Klagenfurt/Flughafen";447;"24-07-2026";"11:00";21,4;4,7;34;111;11,9;120;26,3;0;1016,7;965,2;99
11343;"Sonnblick";3105;"24-07-2026";"11:00";-2,4;-3,2;94;14;23;12;63;;;699,5;89
11389;"St. Pölten";270;"24-07-2026";"11:00";17,4;8,8;57;243;16,9;241;34,9;0;1018,4;986,9;0
11010;"Linz/Hörsching";298;"24-07-2026";"12:00";20,8;6,3;39;290;16,6;;29,5;0;1018,7;982,6;83
11012;"Kremsmünster";383;"24-07-2026";"12:00";20,9;5,6;36;297;4;300;29,2;0;1018,5;973,7;74
11022;"Retz";320;"24-07-2026";"12:00";20,1;6,2;41;291;15,8;283;29,5;0;1017,4;980,4;53
11035;"Wien/Hohe Warte";203;"24-07-2026";"12:00";20,7;9,2;48;332;10,1;302;34,9;0;1017,1;993;56
11036;"Wien/Schwechat";183;"24-07-2026";"12:00";20,5;8,7;47;330;20,5;;35,3;0;1017,4;996,1;53
11101;"Bregenz";424;"24-07-2026";"12:00";22,2;8,2;41;283;7,9;269;15,5;0;1017;967,3;100
11121;"Innsbruck";579;"24-07-2026";"12:00";21,1;6,8;39;342;10,1;46;19,8;0;1016,8;950,7;100
11126;"Patscherkofel";2247;"24-07-2026";"12:00";7,5;-6,3;37;3;7,2;333;20,2;0;;779,7;100
11130;"Kufstein";495;"24-07-2026";"12:00";21,5;7,3;40;41;5,8;26;19,4;0;1017,4;961,5;100
11150;"Salzburg";430;"24-07-2026";"12:00";21,1;5,1;35;320;18,4;;31,3;0;1018,3;967,4;98
11155;"Feuerkogel";1618;"24-07-2026";"12:00";10,4;2,4;57;321;6,5;355;24,5;0;;841,1;60
11157;"Aigen im Ennstal";640;"24-07-2026";"12:00";19,1;2,8;34;219;18,4;203;40,7;0;1017,6;943,6;99
11171;"Mariazell";866;"24-07-2026";"12:00";13,5;5,6;59;312;14,4;273;33,5;0;1019;920,4;0
11190;"Eisenstadt";184;"24-07-2026";"12:00";20,5;8,9;48;352;16,9;341;43,2;0;1017;995,8;93
11204;"Lienz";659;"24-07-2026";"12:00";23,4;-2,2;18;181;5;109;18,7;0;1014,2;939,7;100
11240;"Graz/Flughafen";340;"24-07-2026";"12:00";21,4;4,2;32;340;18,4;;35,3;0;1017,1;975,5;99
11244;"Bad Gleichenberg";280;"24-07-2026";"12:00";20,6;6,8;41;352;10,8;346;25,2;0;1017,2;985,8;15
11265;"Villacher Alpe";2140;"24-07-2026";"12:00";7,5;1,6;67;353;18,4;339;30,6;0;;787,3;100
11331;"Klagenfurt/Flughafen";447;"24-07-2026";"12:00";21,8;4,5;32;176;12,2;168;29,2;0;1016,1;964,7;100
11343;"Sonnblick";3105;"24-07-2026";"12:00";-1,5;-7,8;63;14;28,8;12;50,4;;;699,8;97
11389;"St. Pölten";270;"24-07-2026";"12:00";19,9;8,5;48;240;14,8;236;33,8;0;1017,8;986,6;29
11010;"Linz/Hörsching";298;"24-07-2026";"13:00";22,3;6,2;35;270;14,8;;31,3;0;1018,1;982,2;96
11012;"Kremsmünster";383;"24-07-2026";"13:00";22;6,1;36;300;5,4;301;31,7;0;1018;973,4;73
11022;"Retz";320;"24-07-2026";"13:00";21,9;5,7;35;352;8,3;19;31;0;1016,6;979,9;50
11035;"Wien/Hohe Warte";203;"24-07-2026";"13:00";21,9;6,9;38;337;16,2;334;32;0;1016,5;992,5;44
11036;"Wien/Schwechat";183;"24-07-2026";"13:00";21,3;6,7;39;340;20,5;;35,3;0;1016,8;995,6;40
11101;"Bregenz";424;"24-07-2026";"13:00";23;9,2;42;290;9,7;300;16,6;0;1016,3;966,8;100
11121;"Innsbruck";579;"24-07-2026";"13:00";22,9;5,9;33;62;4;146;26,3;0;1015,7;950;100
11126;"Patscherkofel";2247;"24-07-2026";"13:00";9,3;-1;48;343;7,9;350;16,9;0;;779,7;100
11130;"Kufstein";495;"24-07-2026";"13:00";22,2;7,3;39;6;9,4;335;18,4;0;1016,7;961;100
11150;"Salzburg";430;"24-07-2026";"13:00";22,2;4;31;320;18,4;;31,3;0;1017,4;966,7;99
11155;"Feuerkogel";1618;"24-07-2026";"13:00";11,2;2,9;57;339;10,4;329;23,8;0;;840,9;65
11157;"Aigen im Ennstal";640;"24-07-2026";"13:00";19,7;2,5;32;226;13,7;211;38,2;0;1017;943,2;99
11171;"Mariazell";866;"24-07-2026";"13:00";15,2;5,7;53;304;9;283;31,3;0;1017,9;920;31
11190;"Eisenstadt";184;"24-07-2026";"13:00";21,7;8,3;42;341;19,4;308;42,1;0;1016,3;995,2;70
11204;"Lienz";659;"24-07-2026";"13:00";24,7;-1;18;120;5,4;154;16,2;0;1013,4;939,3;100
11240;"Graz/Flughafen";340;"24-07-2026";"13:00";22,1;5,3;34;350;20,5;;38,9;0;1016,3;974,8;97
11244;"Bad Gleichenberg";280;"24-07-2026";"13:00";21,8;7,8;40;354;7,6;343;23;0;1016,8;985,6;5
11265;"Villacher Alpe";2140;"24-07-2026";"13:00";7,9;1,1;62;4;15,8;344;29,9;0;;787,5;99
11331;"Klagenfurt/Flughafen";447;"24-07-2026";"13:00";22,4;3,5;29;7;7,2;145;23,4;0;1015,7;964,4;99
11343;"Sonnblick";3105;"24-07-2026";"13:00";-1,5;-3,5;87;17;17,6;359;43,2;;;700,1;98
11389;"St. Pölten";270;"24-07-2026";"13:00";21;8,1;43;237;14;235;32;0;1017,1;986;28
11010;"Linz/Hörsching";298;"24-07-2026";"14:00";22,4;4,2;31;270;20,5;;37,1;0;1017,6;981,7;100
11012;"Kremsmünster";383;"24-07-2026";"14:00";21,6;5,2;34;289;11,2;232;33,1;0;1017,6;973;77
11022;"Retz";320;"24-07-2026";"14:00";21,8;6,4;37;294;21,2;317;38,9;0;1016,4;979,7;51
11035;"Wien/Hohe Warte";203;"24-07-2026";"14:00";22,8;8,4;40;295;9,7;360;27,4;0;1016,1;992,1;28
11036;"Wien/Schwechat";183;"24-07-2026";"14:00";23,7;5,5;31;350;25,9;;40,7;0;1016,2;995,1;63
11101;"Bregenz";424;"24-07-2026";"14:00";24,2;10,2;42;292;7,2;297;16,9;0;1015,5;966,2;100
11121;"Innsbruck";579;"24-07-2026";"14:00";24,6;6,2;31;60;7,2;128;23,8;0;1014,4;949,2;100
11126;"Patscherkofel";2247;"24-07-2026";"14:00";10,2;-1,3;45;342;9;350;22;0;;779,7;100
11130;"Kufstein";495;"24-07-2026";"14:00";23,3;7,6;37;3;9,4;21;21,2;0;1015,9;960,4;100
11150;"Salzburg";430;"24-07-2026";"14:00";22,5;3,8;29;20;13;;31,3;0;1016,9;966,3;99
11155;"Feuerkogel";1618;"24-07-2026";"14:00";13,1;3,4;52;323;6,5;319;30,2;0;;840,9;89
11157;"Aigen im Ennstal";640;"24-07-2026";"14:00";21;2,7;30;216;19,8;220;32,4;0;1015,9;942,5;100
11171;"Mariazell";866;"24-07-2026";"14:00";16,2;4,8;47;334;17,3;325;36,7;0;1017,4;919,8;29
11190;"Eisenstadt";184;"24-07-2026";"14:00";22,4;8,2;40;306;10,4;7;36,4;0;1015,9;994,9;58
11204;"Lienz";659;"24-07-2026";"14:00";25,2;-4,7;14;117;7,6;69;30,2;0;1012,7;938,8;100
11240;"Graz/Flughafen";340;"24-07-2026";"14:00";22;4,4;32;100;5,4;;35,3;0;1016;974,5;75
11244;"Bad Gleichenberg";280;"24-07-2026";"14:00";22,9;6,3;34;332;12,2;333;30,6;0;1016,4;985,3;73
11265;"Villacher Alpe";2140;"24-07-2026";"14:00";8,7;2,5;66;39;6,8;351;24,1;0;;787,4;93
11331;"Klagenfurt/Flughafen";447;"24-07-2026";"14:00";22,9;4;29;176;9;136;27,7;0;1015;963,8;99
11343;"Sonnblick";3105;"24-07-2026";"14:00";-0,4;-5,4;69;1;14,4;16;34,9;;;700,5;100
11389;"St. Pölten";270;"24-07-2026";"14:00";21,9;7,5;39;246;11,5;250;32,8;0;1016,6;985,6;7
11010;"Linz/Hörsching";298;"24-07-2026";"15:00";23;4;29;310;16,6;;31,3;0;1017,2;981,4;98
11012;"Kremsmünster";383;"24-07-2026";"15:00";22,7;5;31;276;5,8;271;29,2;0;1017,1;972,6;83
11022;"Retz";320;"24-07-2026";"15:00";22,6;6,2;35;312;14;267;34,9;0;1016,1;979,5;58
11035;"Wien/Hohe Warte";203;"24-07-2026";"15:00";22,3;6,4;36;338;15,1;309;31,3;0;1015,9;991,9;14
11036;"Wien/Schwechat";183;"24-07-2026";"15:00";22,7;6,5;35;320;22,3;;37,1;0;1016;994,9;42
11101;"Bregenz";424;"24-07-2026";"15:00";23,8;8,5;38;316;7,2;249;16,9;0;1014,7;965,4;100
11121;"Innsbruck";579;"24-07-2026";"15:00";25,3;6,2;30;73;5,8;149;31;0;1013,4;948,4;100
11126;"Patscherkofel";2247;"24-07-2026";"15:00";10,4;-3,4;38;15;9;347;28,1;0;;779,6;100
11130;"Kufstein";495;"24-07-2026";"15:00";23,9;7,7;36;16;10,1;7;23,4;0;1015,2;959,9;100
11150;"Salzburg";430;"24-07-2026";"15:00";23,8;3,8;27;360;9,4;;31,3;0;1016,2;965,9;99
11155;"Feuerkogel";1618;"24-07-2026";"15:00";13,9;2,3;45;337;10,8;350;31,7;0;;840,9;99
11157;"Aigen im Ennstal";640;"24-07-2026";"15:00";22,1;2,7;28;236;13,3;210;37,4;0;1015,3;942,2;100
11171;"Mariazell";866;"24-07-2026";"15:00";17,5;5,1;44;316;20,2;323;36,4;0;1016,6;919,5;41
11190;"Eisenstadt";184;"24-07-2026";"15:00";23;8;38;319;12,6;306;38,2;0;1015,7;994,7;31
11204;"Lienz";659;"24-07-2026";"15:00";27;-0,9;16;31;9,4;40;25,6;0;1011,6;938,2;100
11240;"Graz/Flughafen";340;"24-07-2026";"15:00";22,9;4,1;30;350;18,4;;33,5;0;1015,6;974,2;99
11244;"Bad Gleichenberg";280;"24-07-2026";"15:00";22,2;6,3;36;346;9;340;28,1;0;1016,3;985,1;34
11265;"Villacher Alpe";2140;"24-07-2026";"15:00";9,6;3,2;65;339;7,6;5;28,8;0;;787,4;80
11331;"Klagenfurt/Flughafen";447;"24-07-2026";"15:00";23,5;5,1;30;175;8,6;155;28,1;0;1014,7;963,6;100
11343;"Sonnblick";3105;"24-07-2026";"15:00";0,2;-5,5;66;1;14;358;39,2;;;700,8;99
11389;"St. Pölten";270;"24-07-2026";"15:00";22,4;7,9;39;250;14;237;29,5;0;1016,4;985,5;9
11010;"Linz/Hörsching";298;"24-07-2026";"16:00";23,4;4,4;29;310;9,4;;27,7;0;1016,4;980,6;100
11012;"Kremsmünster";383;"24-07-2026";"16:00";23,4;3,8;28;287;6,8;250;25,9;0;1016,2;971,9;97
11022;"Retz";320;"24-07-2026";"16:00";24,3;6,4;32;8;10,1;283;28,4;0;1015,3;978,9;64
11035;"Wien/Hohe Warte";203;"24-07-2026";"16:00";23,6;6,6;34;2;10,1;320;38,9;0;1015,3;991,4;48
11036;"Wien/Schwechat";183;"24-07-2026";"16:00";24,1;4,9;29;330;25,9;;40,7;0;1015,4;994,4;63
11101;"Bregenz";424;"24-07-2026";"16:00";24,8;8,1;35;300;7,2;294;15,1;0;1013,9;964,8;99
11121;"Innsbruck";579;"24-07-2026";"16:00";26;3,5;24;26;7,2;65;27,4;0;1012,6;947,7;100
11126;"Patscherkofel";2247;"24-07-2026";"16:00";11,2;-4,9;32;4;6,5;343;28,8;0;;779,5;100
11130;"Kufstein";495;"24-07-2026";"16:00";24,1;7,8;35;18;11,9;33;27,7;0;1014,8;959,5;100
11150;"Salzburg";430;"24-07-2026";"16:00";24,6;3,9;26;360;13;;29,5;0;1015,5;965,3;100
11155;"Feuerkogel";1618;"24-07-2026";"16:00";14,5;2,1;43;330;11,2;341;26,6;0;;840,5;99
11157;"Aigen im Ennstal";640;"24-07-2026";"16:00";22,6;2,3;26;210;16,2;186;31,7;0;1014,7;941,8;100
11171;"Mariazell";866;"24-07-2026";"16:00";18,1;4,4;41;314;16,2;323;36,7;0;1015,8;919;82
11190;"Eisenstadt";184;"24-07-2026";"16:00";23,7;7;34;322;14,4;335;38,5;0;1015,1;994,2;74
11204;"Lienz";659;"24-07-2026";"16:00";27,6;-0,2;16;59;13,7;46;34,6;0;1010,9;937,7;100
11240;"Graz/Flughafen";340;"24-07-2026";"16:00";23,7;6,8;34;350;11,2;;31,3;0;1014,9;973,7;99
11244;"Bad Gleichenberg";280;"24-07-2026";"16:00";22,5;7;37;32;5;345;27;0;1015,6;984,5;51
11265;"Villacher Alpe";2140;"24-07-2026";"16:00";10,3;2,4;59;59;1,1;307;20,2;0;;787,3;98
11331;"Klagenfurt/Flughafen";447;"24-07-2026";"16:00";23,6;4,5;29;142;9,4;112;25,6;0;1014,2;963,2;100
11343;"Sonnblick";3105;"24-07-2026";"16:00";1,5;-7,2;53;339;18,7;344;37,4;;;700,8;100
11389;"St. Pölten";270;"24-07-2026";"16:00";24,6;6,9;32;215;10,8;251;25,9;0;1015,4;984,7;62
11010;"Linz/Hörsching";298;"24-07-2026";"17:00";23,8;4,7;29;290;13;;27,7;0;1015,9;980,2;100
11012;"Kremsmünster";383;"24-07-2026";"17:00";24,3;3,8;26;278;9;296;25,2;0;1015,7;971,5;100
11022;"Retz";320;"24-07-2026";"17:00";24,3;4,5;28;307;14,4;280;29,2;0;1014,9;978,5;63
11035;"Wien/Hohe Warte";203;"24-07-2026";"17:00";23;6,6;35;23;8,3;311;28,1;0;1015,1;991,2;8
11036;"Wien/Schwechat";183;"24-07-2026";"17:00";24,3;5,1;29;330;22,3;;40,7;0;1015,2;994,2;67
11101;"Bregenz";424;"24-07-2026";"17:00";25,7;7;31;295;7,6;236;17,6;0;1013,3;964,3;100
11121;"Innsbruck";579;"24-07-2026";"17:00";26,8;3,2;22;17;6,8;124;23,8;0;1011,6;947;100
11126;"Patscherkofel";2247;"24-07-2026";"17:00";12,2;-1,2;40;357;11,9;360;27,4;0;;779,2;100
11130;"Kufstein";495;"24-07-2026";"17:00";24,4;7,2;34;22;11,2;44;23;0;1014,1;958,9;100
11150;"Salzburg";430;"24-07-2026";"17:00";24,1;3,5;26;10;11,2;;27,7;0;1015,2;965;100
11155;"Feuerkogel";1618;"24-07-2026";"17:00";13,4;1,4;44;314;11,5;306;28,4;0;;840,4;99
11157;"Aigen im Ennstal";640;"24-07-2026";"17:00";23,2;2,2;25;245;10,4;275;31;0;1014,1;941,4;100
11171;"Mariazell";866;"24-07-2026";"17:00";18,3;3,4;37;321;18,4;312;30,2;0;1015,7;918,9;69
11190;"Eisenstadt";184;"24-07-2026";"17:00";24,8;6,4;31;335;9,4;332;39,6;0;1014,5;993,7;96
11204;"Lienz";659;"24-07-2026";"17:00";27,8;-0,3;16;87;4,7;52;34,6;0;1010,4;937,3;100
11240;"Graz/Flughafen";340;"24-07-2026";"17:00";23,4;3,8;28;80;9,4;;31,3;0;1014,6;973,3;99
11244;"Bad Gleichenberg";280;"24-07-2026";"17:00";23;6;33;43;4,7;329;12,2;0;1015,4;984,3;61
11265;"Villacher Alpe";2140;"24-07-2026";"17:00";11,3;0,6;48;282;5;326;20,2;0;;787,4;100
11331;"Klagenfurt/Flughafen";447;"24-07-2026";"17:00";24,5;5,2;29;145;8,6;129;18;0;1013,7;962,9;100
11343;"Sonnblick";3105;"24-07-2026";"17:00";1,9;-3,6;67;350;12,6;285;33,8;;;700,9;100
11389;"St. Pölten";270;"24-07-2026";"17:00";24,3;6,6;32;256;10,4;222;20,5;0;1015,1;984,4;20
11010;"Linz/Hörsching";298;"24-07-2026";"18:00";24,3;4,6;28;320;13;;27,7;0;1015,3;979,7;100
11012;"Kremsmünster";383;"24-07-2026";"18:00";23,6;3,8;28;304;10,1;288;23,4;0;1015,4;971,1;99
11022;"Retz";320;"24-07-2026";"18:00";24,4;4,6;28;315;14;305;27,4;0;1014,6;978,2;100
11035;"Wien/Hohe Warte";203;"24-07-2026";"18:00";23;6;34;323;12,2;327;25,2;0;1014,7;990,8;14
11036;"Wien/Schwechat";183;"24-07-2026";"18:00";24,7;5,8;30;340;13;;37,1;0;1014,9;993,9;77
11101;"Bregenz";424;"24-07-2026";"18:00";26;5,8;28;296;5,4;298;12,6;0;1012,5;963,6;100
11121;"Innsbruck";579;"24-07-2026";"18:00";26,4;4;24;75;14,4;126;37,4;0;1011,3;946,6;100
11126;"Patscherkofel";2247;"24-07-2026";"18:00";12;-1,1;40;19;7,6;340;31,7;0;;778,9;35
11130;"Kufstein";495;"24-07-2026";"18:00";24,7;6,8;32;7;9,4;14;21,6;0;1013,5;958,4;100
11150;"Salzburg";430;"24-07-2026";"18:00";24,1;4,1;27;240;5,4;;27,7;0;1014,5;964,3;100
11155;"Feuerkogel";1618;"24-07-2026";"18:00";13,3;-0,6;39;315;7,6;335;30,6;0;;840,2;100
11157;"Aigen im Ennstal";640;"24-07-2026";"18:00";23,4;7;35;7;6,8;215;26,3;0;1013,7;941,1;100
11171;"Mariazell";866;"24-07-2026";"18:00";19;4,6;39;324;13,7;304;29,9;0;1015,1;918,6;84
11190;"Eisenstadt";184;"24-07-2026";"18:00";24,1;6,4;32;354;7,2;357;31,7;0;1014,5;993,6;50
11204;"Lienz";659;"24-07-2026";"18:00";27,6;0;17;66;13,7;77;27,7;0;1009,9;936,8;100
11240;"Graz/Flughafen";340;"24-07-2026";"18:00";23,6;4,6;29;60;11,2;;20,5;0;1014,2;973;99
11244;"Bad Gleichenberg";280;"24-07-2026";"18:00";22,8;5,3;32;35;4,3;315;15,8;0;1015,1;984;80
11265;"Villacher Alpe";2140;"24-07-2026";"18:00";11,3;-0,2;45;311;2,2;327;29,2;0;;787,3;100
11331;"Klagenfurt/Flughafen";447;"24-07-2026";"18:00";24,4;4,7;28;124;7,9;176;20,2;0;1013,2;962,4;100
11343;"Sonnblick";3105;"24-07-2026";"18:00";2,3;-4;63;345;12,2;319;32,8;;;700,8;100
11389;"St. Pölten";270;"24-07-2026";"18:00";24,8;7,4;34;246;7,2;246;28,1;0;1014,6;984;65
11010;"Linz/Hörsching";298;"24-07-2026";"19:00";23,6;4,5;29;280;9,4;;27,7;0;1014,8;979,1;100
11012;"Kremsmünster";383;"24-07-2026";"19:00";22,7;3,8;29;318;4,3;298;20,9;0;1014,8;970,4;100
11022;"Retz";320;"24-07-2026";"19:00";23,4;4,8;30;335;6,5;299;23;0;1014,4;977,9;64
11035;"Wien/Hohe Warte";203;"24-07-2026";"19:00";23,3;6,5;34;347;11,2;328;20,9;0;1014,3;990,4;38
11036;"Wien/Schwechat";183;"24-07-2026";"19:00";23,4;5,6;32;360;14,8;;25,9;0;1014,6;993,5;94
11101;"Bregenz";424;"24-07-2026";"19:00";25,8;5,5;28;303;6,1;300;13,3;0;1012,1;963,2;99
11121;"Innsbruck";579;"24-07-2026";"19:00";25,1;5,8;29;66;17,6;68;34,2;0;1011,3;946,4;100
11126;"Patscherkofel";2247;"24-07-2026";"19:00";11,4;0,1;46;17;13,7;345;27,7;0;;778,5;73
11130;"Kufstein";495;"24-07-2026";"19:00";24,4;6;31;8;9;360;21,6;0;1013,1;957,9;100
11150;"Salzburg";430;"24-07-2026";"19:00";24;4,2;28;60;9,4;;22,3;0;1014,1;963,9;100
11155;"Feuerkogel";1618;"24-07-2026";"19:00";12,9;0,6;43;314;9,7;316;24,1;0;;839,8;100
11157;"Aigen im Ennstal";640;"24-07-2026";"19:00";20,9;7,6;43;28;9;32;21,2;0;1014;940,8;100
11171;"Mariazell";866;"24-07-2026";"19:00";18,6;3,4;37;312;10,1;325;25,9;0;1014,7;918,1;100
11190;"Eisenstadt";184;"24-07-2026";"19:00";23,4;6,6;34;357;8,3;347;32;0;1014,1;993,2;92
11204;"Lienz";659;"24-07-2026";"19:00";26,6;-1,5;16;57;10,4;36;27,4;0;1010;936,6;100
11240;"Graz/Flughafen";340;"24-07-2026";"19:00";23,4;5,2;31;90;9,4;;16,6;0;1013,9;972,7;99
11244;"Bad Gleichenberg";280;"24-07-2026";"19:00";22,5;5,8;34;346;1,8;75;17,6;0;1014,6;983,5;100
11265;"Villacher Alpe";2140;"24-07-2026";"19:00";11;-1,5;42;312;6,5;286;21,6;0;;787;88
11331;"Klagenfurt/Flughafen";447;"24-07-2026";"19:00";23,9;5,6;31;88;9,7;47;16,2;0;1013;962,1;100
11343;"Sonnblick";3105;"24-07-2026";"19:00";3,2;-6;51;319;16,2;341;33,5;;;700,7;100
11389;"St. Pölten";270;"24-07-2026";"19:00";24,9;6,3;30;235;12,6;264;27;0;1014,1;983,5;93
11010;"Linz/Hörsching";298;"24-07-2026";"20:00";22,6;5,9;34;290;9,4;;18,4;0;1014,8;979;100
11012;"Kremsmünster";383;"24-07-2026";"20:00";21,6;4,9;34;332;3,2;2;14;0;1014,8;970,3;100
11022;"Retz";320;"24-07-2026";"20:00";22,1;4,7;32;4;7,9;38;16,6;0;1014,5;977,9;90
11035;"Wien/Hohe Warte";203;"24-07-2026";"20:00";21,6;7,1;39;10;4,3;355;19,1;0;1014,4;990,4;58
11036;"Wien/Schwechat";183;"24-07-2026";"20:00";21,4;6,9;39;50;5,4;;25,9;0;1014,7;993,5;47
11101;"Bregenz";424;"24-07-2026";"20:00";24,1;8,9;38;329;3,2;288;9,7;0;1012;962,9;97
11121;"Innsbruck";579;"24-07-2026";"20:00";22,7;7,5;38;59;11,2;55;32,8;0;1012,2;946,7;79
11126;"Patscherkofel";2247;"24-07-2026";"20:00";10,7;0,7;50;4;12,6;359;25,2;0;;778,5;99
11130;"Kufstein";495;"24-07-2026";"20:00";22,6;5,6;33;29;6,1;27;18,4;0;1013,3;957,8;67
11150;"Salzburg";430;"24-07-2026";"20:00";23,1;4,3;29;40;9,4;;18,4;0;1013,9;963,6;100
11155;"Feuerkogel";1618;"24-07-2026";"20:00";12,6;0;42;317;8,6;334;15,8;0;;839,7;99
11157;"Aigen im Ennstal";640;"24-07-2026";"20:00";19,2;5;39;226;2,2;27;13,3;0;1014,6;940,9;70
11171;"Mariazell";866;"24-07-2026";"20:00";17,2;3,5;40;326;7,6;329;20,2;0;1015,3;918,2;100
11190;"Eisenstadt";184;"24-07-2026";"20:00";21,9;7,8;40;318;3,2;345;19,1;0;1014,2;993,2;100
11204;"Lienz";659;"24-07-2026";"20:00";24,1;4;27;116;9,4;106;31;0;1011;937;100
11240;"Graz/Flughafen";340;"24-07-2026";"20:00";21,6;6,4;37;160;7,6;;29,5;0;1014,5;973;99
11244;"Bad Gleichenberg";280;"24-07-2026";"20:00";20,8;7,8;43;0;0;71;12,2;0;1015;983,7;100
11265;"Villacher Alpe";2140;"24-07-2026";"20:00";10;-1,4;45;324;7,2;332;14,8;0;;787,1;100
11331;"Klagenfurt/Flughafen";447;"24-07-2026";"20:00";22,5;6,4;36;96;10,1;100;20,2;0;1013,4;962,3;100
11343;"Sonnblick";3105;"24-07-2026";"20:00";3,6;-8,8;40;325;23,4;326;36,7;;;700,5;100
11389;"St. Pölten";270;"24-07-2026";"20:00";22,2;7,3;38;241;7,6;246;20,5;0;1014,4;983,5;57
11010;"Linz/Hörsching";298;"24-07-2026";"21:00";20,2;5,2;37;240;3,6;;13;0;1015;978,9;52
11012;"Kremsmünster";383;"24-07-2026";"21:00";19,2;4,6;38;23;5;3;10,8;0;1015,2;970,3;48
11022;"Retz";320;"24-07-2026";"21:00";18,9;5;40;337;7,6;17;13,3;0;1015,3;978,2;25
11035;"Wien/Hohe Warte";203;"24-07-2026";"21:00";19,2;8,1;49;14;8,3;336;10,4;0;1014,9;990,7;16
11036;"Wien/Schwechat";183;"24-07-2026";"21:00";19,2;7,4;46;30;5,4;;11,2;0;1015,2;993,8;21
11101;"Bregenz";424;"24-07-2026";"21:00";20,1;5,9;40;76;4,3;68;8,6;0;1012,4;962,6;0
11121;"Innsbruck";579;"24-07-2026";"21:00";19,5;8,4;49;87;0,7;52;16,2;0;1013,5;947,3;0
11126;"Patscherkofel";2247;"24-07-2026";"21:00";9,9;0,6;53;357;13,3;351;18,7;0;;778,7;19
11130;"Kufstein";495;"24-07-2026";"21:00";20,6;7,1;42;43;5,4;360;11,9;0;1014,1;958,2;0
11150;"Salzburg";430;"24-07-2026";"21:00";21,6;4,2;32;40;7,6;;14,8;0;1014,3;963,7;66
11155;"Feuerkogel";1618;"24-07-2026";"21:00";10,1;0,4;51;329;9,7;336;14,4;0;;839,7;62
11157;"Aigen im Ennstal";640;"24-07-2026";"21:00";16,5;5,5;48;95;5,4;100;11,5;0;1015,5;941,1;0
11171;"Mariazell";866;"24-07-2026";"21:00";13,3;4;53;136;1,4;311;12,6;0;1017,1;918,6;3
11190;"Eisenstadt";184;"24-07-2026";"21:00";17,5;8,5;56;346;14,8;349;17,3;0;1015,1;993,7;7
11204;"Lienz";659;"24-07-2026";"21:00";21;3,9;32;74;8,3;64;14,8;0;1012,6;937,8;23
11240;"Graz/Flughafen";340;"24-07-2026";"21:00";18,1;8,3;52;150;9,4;;11,2;0;1015,5;973,5;3
11244;"Bad Gleichenberg";280;"24-07-2026";"21:00";17,1;9,7;62;235;0,4;314;6,1;0;1016,1;984,4;17
11265;"Villacher Alpe";2140;"24-07-2026";"21:00";9,5;-0,8;48;357;7,2;315;14,4;0;;787,4;51
11331;"Klagenfurt/Flughafen";447;"24-07-2026";"21:00";15,6;7,7;58;92;5,4;94;23;0;1015,4;963;27
11343;"Sonnblick";3105;"24-07-2026";"21:00";2,6;-9;42;321;18,7;315;45,7;;;700,8;63
11389;"St. Pölten";270;"24-07-2026";"21:00";19,7;7,1;44;279;5,4;247;18,4;0;1015,2;984;34
